// ============================================================
// File    : logo_data.cpp
// Project : PONS v7
// Role    : 起動スプラッシュのロゴ画像の実体。自動生成ファイル。
//           sd/logo.bmp（240x52 / 16bpp RGB565）から生成した。
//           BMP はボトムアップだが、ここでは**上から順**に並べ替えてあるので
//           pushImage にそのまま渡せる。
// Author  : MasaoC (@masao_mobile)
// Updated : 2026/09/06
// ============================================================
#include "logo_data.h"

const uint16_t LOGO_DATA[LOGO_W * LOGO_H] PROGMEM = {
  0xFFFF, 0xFFFF, 0xFFFF, 0xFFFF, 0xFFFF, 0xFFFF, 0xFFFF, 0xFFFF, 0xFFFF, 0xFFFF, 0xFFFF, 0xFFFF,
  0xFFFF, 0xFFFF, 0xFFFF, 0xFFFF, 0xFFFF, 0xFFFF, 0xFFDE, 0xFFFF, 0xFFFF, 0xFFFF, 0xFFFF, 0xFFFF,
  0xFFFF, 0xFFFF, 0xFFFF, 0xFFFF, 0xFFFF, 0xFFFF, 0xFFFF, 0xFFFF, 0xFFFF, 0xFFFF, 0xFFFF, 0xFFFF,
  0xFFFF, 0xFFFF, 0xFFFF, 0xFFFF, 0xFFFF, 0xFFFF, 0xFFFF, 0xFFFF, 0xFFFF, 0xFFFF, 0xFFFF, 0xFFFF,
  0xFFFF, 0xFFFF, 0xFFFF, 0xFFFF, 0xFFFF, 0xFFFF, 0xFFFF, 0xFFFF, 0xFFFF, 0xFFFF, 0xFFFF, 0xFFFF,
  0xFFFF, 0xFFFF, 0xFFFF, 0xFFFF, 0xFFFF, 0xFFFF, 0xFFFF, 0xFFFF, 0xFFFF, 0xFFFF, 0xFFFF, 0xFFFF,
  0xFFFF, 0xFFFF, 0xFFFF, 0xFFFF, 0xFFFF, 0xFFFF, 0xFFFF, 0xFFFF, 0xFFFF, 0xFFFF, 0xFFFF, 0xFFFF,
  0xFFFF, 0xFFFF, 0xFFFE, 0xFFFE, 0xFFFF, 0xFFFF, 0xFFFF, 0xFFFF, 0xFFFF, 0xFFDF, 0xFFDF, 0xFFDF,
  0xFFFF, 0xFFFF, 0xFFFF, 0xFFFF, 0xFFFF, 0xFFFF, 0xFFFF, 0xFFFF, 0xFFFF, 0xFFFF, 0xFFFF, 0xFFFF,
  0xFFFF, 0xFFFF, 0xFFFF, 0xFFFF, 0xFFFF, 0xFFDF, 0xFFFF, 0xFFDF, 0xFFDF, 0xFFDF, 0xFFFF, 0xFFFF,
  0xFFFF, 0xFFFF, 0xFFFF, 0xFFFF, 0xFFFF, 0xFFFF, 0xFFFF, 0xFFFF, 0xFFFF, 0xFFFF, 0xFFFF, 0xFFFF,
  0xFFFF, 0xFFFF, 0xFFFF, 0xFFDE, 0xFFFF, 0xFFFF, 0xFFFF, 0xFFFF, 0xFFFF, 0xFFFF, 0xFFFF, 0xFFFF,
  0xFFFF, 0xFFFF, 0xFFFF, 0xFFFE, 0xFFFF, 0xFFFF, 0xFFFF, 0xFFFF, 0xFFFF, 0xFFFF, 0xFFFF, 0xFFFF,
  0xFFFF, 0xFFFF, 0xFFFF, 0xFFFF, 0xFFFF, 0xFFFF, 0xFFFF, 0xFFFF, 0xFFFF, 0xFFFF, 0xFFFF, 0xFFFF,
  0xFFFF, 0xFFFF, 0xFFFF, 0xFFFF, 0xFFFF, 0xFFFF, 0xFFFF, 0xFFFF, 0xFFFF, 0xFFFF, 0xFFFF, 0xFFFF,
  0xFFFF, 0xFFFF, 0xFFFF, 0xFFFF, 0xFFFF, 0xFFFF, 0xFFFF, 0xFFFF, 0xFFFF, 0xFFFF, 0xFFFF, 0xFFFF,
  0xFFFF, 0xFFFF, 0xFFFF, 0xFFFF, 0xFFFF, 0xFFFF, 0xFFFF, 0xFFFF, 0xFFFF, 0xFFFF, 0xFFFF, 0xFFFF,
  0xFFFF, 0xFFFF, 0xFFFF, 0xFFFF, 0xFFFF, 0xFFFF, 0xFFFF, 0xFFFF, 0xFFFF, 0xFFFF, 0xFFFF, 0xFFFF,
  0xFFFF, 0xFFFF, 0xFFFF, 0xFFFF, 0xFFFF, 0xFFFF, 0xFFFF, 0xFFFF, 0xFFFF, 0xFFFF, 0xFFFF, 0xFFFF,
  0xFFFF, 0xFFFF, 0xFFFF, 0xFFFF, 0xFFFF, 0xFFFF, 0xFFFF, 0xFFFF, 0xFFFF, 0xFFFF, 0xFFFF, 0xFFFF,
  0xFFFF, 0xFFFF, 0xFFFF, 0xFFFF, 0xFFFF, 0xFFFF, 0xFFFF, 0xFFFF, 0xFFFF, 0xFFFF, 0xFFFF, 0xFFFF,
  0xFFFF, 0xFFFF, 0xFFFF, 0xFFFF, 0xFFFF, 0xFFDF, 0xFFFF, 0xFFFF, 0xFFDF, 0xFFFF, 0xFFFF, 0xBE18,
  0x73AF, 0x8C92, 0xEF7E, 0xFFFF, 0xFFFF, 0xFFFF, 0xFFFF, 0xFFDF, 0xFFFF, 0xFFFF, 0xFFFF, 0xFFFF,
  0xFFFF, 0xFFFF, 0xFFFF, 0xFFFF, 0xFFFF, 0xFFFF, 0xFFFF, 0xFFFF, 0xFFFF, 0xFFFF, 0xFFFF, 0xFFFF,
  0xFFFF, 0xFFFF, 0xFFFF, 0xFFFF, 0xFFFF, 0xFFFF, 0xFFFF, 0xFFFF, 0xFFFF, 0xFFFF, 0xFFFF, 0xFFFF,
  0xFFFF, 0xFFFF, 0xFFFF, 0xFFFF, 0xFFFF, 0xFFFF, 0xFFFF, 0xFFFF, 0xFFFF, 0xFFFF, 0xFFFF, 0xFFFF,
  0xFFFF, 0xFFFF, 0xFFFF, 0xFFFF, 0xFFFF, 0xFFFF, 0xFFFF, 0xFFFF, 0xFFFF, 0xFFFF, 0xFFFF, 0xFFFF,
  0xFFFF, 0xFFFF, 0xFFFF, 0xFFFF, 0xFFFF, 0xFFFF, 0xFFFF, 0xFFFF, 0xFFFF, 0xFFFF, 0xFFFF, 0xFFFF,
  0xFFFF, 0xFFFF, 0xFFFF, 0xFFFF, 0xFFFF, 0xFFFF, 0xFFFF, 0xFFFF, 0xFFFF, 0xFFFF, 0xFFFF, 0xFFFF,
  0xFFFF, 0xFFFF, 0xFFFF, 0xFFFF, 0xFFFF, 0xFFDF, 0xFFDF, 0xFFFF, 0xFFFF, 0xFFFF, 0xFFFF, 0xFFFF,
  0xFFFF, 0xFFFF, 0xFFFF, 0xFFFF, 0xFFFF, 0xFFFF, 0xFFFF, 0xFFDF, 0xFFFF, 0xFFFF, 0xFFFF, 0xFFFF,
  0xFFFF, 0xFFFF, 0xFFFF, 0xFFFF, 0xFFFF, 0xFFFF, 0xFFFF, 0xFFFF, 0xFFFF, 0xFFFF, 0xFFFF, 0xFFFF,
  0xFFFF, 0xFFFF, 0xFFFF, 0xFFFF, 0xFFFF, 0xFFFF, 0xFFFF, 0xFFFF, 0xFFFF, 0xFFFF, 0xFFFF, 0xFFFF,
  0xFFFF, 0xFFFF, 0xFFFF, 0xFFFF, 0xFFFF, 0xFFFF, 0xFFFF, 0xFFFF, 0xFFFF, 0xFFFF, 0xFFFF, 0xFFFF,
  0xFFFF, 0xFFFF, 0xFFFF, 0xFFFF, 0xFFFF, 0xFFFF, 0xFFFF, 0xFFFF, 0xFFFF, 0xFFFF, 0xFFFF, 0xFFFF,
  0xFFFF, 0xFFFF, 0xFFFF, 0xFFFF, 0xFFFF, 0xFFFF, 0xFFFF, 0xFFFF, 0xFFFF, 0xFFFF, 0xFFFF, 0xFFFF,
  0xFFFF, 0xFFFF, 0xFFFF, 0xFFFF, 0xFFFF, 0xFFFF, 0xFFFF, 0xFFFF, 0xFFFF, 0xFFFF, 0xFFFF, 0xFFFF,
  0xFFFF, 0xFFFF, 0xFFFF, 0xFFFF, 0xFFFF, 0xFFFF, 0xFFFF, 0xFFFF, 0xFFFF, 0xFFFF, 0xFFFF, 0xFFFF,
  0xFFFF, 0xFFFF, 0xFFFF, 0xFFFF, 0xFFFF, 0xFFFF, 0xFFFF, 0xFFFF, 0xFFFF, 0xFFFF, 0xFFFF, 0xFFFF,
  0xFFFF, 0xFFFF, 0xFFFF, 0xFFFF, 0xFFFF, 0xFFFF, 0xFFFF, 0xFFFF, 0xFFFF, 0xFFFF, 0xFFFF, 0xFFFF,
  0xFFFF, 0xFFFF, 0xFFFF, 0xFFFF, 0xFFFF, 0xFFFF, 0xFFFF, 0xFFFF, 0xFFFF, 0xFFFF, 0xFFFF, 0xFFFF,
  0xFFFF, 0xFFFF, 0xFFFF, 0xFFFF, 0xFFFF, 0xFFFF, 0xFFFF, 0xFFFF, 0xFFFF, 0xFFFF, 0x9CF3, 0x0000,
  0x7BF0, 0x8C72, 0x18E4, 0xBE18, 0xF7DF, 0xFFFF, 0xFFFF, 0xFFFF, 0xFFFF, 0xFFFF, 0xFFFF, 0xFFFF,
  0xFFFF, 0xFFFF, 0xFFFF, 0xFFFF, 0xFFFF, 0xFFFF, 0xFFFF, 0xFFFF, 0xFFFF, 0xFFFF, 0xFFFF, 0xFFFF,
  0xFFFF, 0xFFFF, 0xFFFF, 0xFFFF, 0xFFFF, 0xFFFF, 0xFFFF, 0xFFFF, 0xFFFF, 0xFFFF, 0xFFFF, 0xFFFF,
  0xFFFF, 0xFFFF, 0xFFFF, 0xFFFF, 0xFFFF, 0xFFFF, 0xFFFF, 0xFFFF, 0xFFFF, 0xFFFF, 0xFFFF, 0xFFFF,
  0xFFFF, 0xFFFF, 0xFFFF, 0xFFFF, 0xFFFF, 0xFFFF, 0xFFFF, 0xFFFF, 0xFFFF, 0xFFFF, 0xFFFF, 0xFFFF,
  0xFFFF, 0xFFFF, 0xFFFF, 0xFFFF, 0xFFFF, 0xFFFF, 0xFFFF, 0xFFFF, 0xFFFF, 0xFFFF, 0xFFFF, 0xFFFF,
  0xFFFF, 0xFFFF, 0xFFFF, 0xFFFF, 0xFFFF, 0xFFFF, 0xFFFF, 0xFFFF, 0xFFFF, 0xFFFF, 0xFFFF, 0xFFFF,
  0xFFFF, 0xFFFF, 0xFFFF, 0xFFFF, 0xFFFF, 0xFFFF, 0xFFFF, 0xFFFF, 0xFFFF, 0xFFFF, 0xFFFF, 0xFFFF,
  0xFFFF, 0xFFFF, 0xFFFF, 0xFFFF, 0xFFDF, 0xFFFF, 0xFFFF, 0xFFFF, 0xFFFF, 0xFFFF, 0xFFFF, 0xFFFF,
  0xFFFF, 0xFFFF, 0xFFFF, 0xFFFF, 0xFFFF, 0xFFFF, 0xFFFF, 0xFFFF, 0xFFFF, 0xFFFF, 0xFFFF, 0xFFFF,
  0xFFFF, 0xFFFF, 0xFFFF, 0xFFFF, 0xFFFF, 0xFFFF, 0xFFFF, 0xFFFF, 0xFFFF, 0xFFFF, 0xFFFF, 0xFFFF,
  0xFFFF, 0xFFFF, 0xFFFF, 0xFFFF, 0xFFFF, 0xFFFF, 0xFFFF, 0xFFFF, 0xFFFF, 0xFFFF, 0xFFFF, 0xFFFF,
  0xFFFF, 0xFFFF, 0xFFFF, 0xFFFF, 0xFFFF, 0xFFFF, 0xFFFF, 0xFFFF, 0xFFFF, 0xFFFF, 0xFFFF, 0xFFFF,
  0xFFFF, 0xFFFF, 0xFFFF, 0xFFFF, 0xFFFF, 0xFFFF, 0xFFFF, 0xFFFF, 0xFFFF, 0xFFFF, 0xFFFF, 0xFFFF,
  0xFFFF, 0xFFFF, 0xFFFF, 0xFFFF, 0xFFFF, 0xFFFF, 0xFFFF, 0xFFFF, 0xFFFF, 0xFFFF, 0xFFFF, 0xFFFF,
  0xFFFF, 0xFFFF, 0xFFFF, 0xFFFF, 0xFFFF, 0xFFFF, 0xFFFF, 0xFFFF, 0xFFFF, 0xFFFF, 0xFFFF, 0xFFFF,
  0xFFFF, 0xFFFF, 0xFFFF, 0xFFFF, 0xFFFF, 0xFFFF, 0xFFFF, 0xFFFF, 0xFFFF, 0xFFFF, 0xFFFF, 0xFFFF,
  0xFFFF, 0xFFFF, 0xFFFF, 0xFFFF, 0xFFFF, 0xFFFF, 0xFFFF, 0xFFFF, 0xFFFF, 0xFFFF, 0xFFFF, 0xFFFF,
  0xFFFF, 0xFFFF, 0xFFFF, 0xFFFF, 0xFFFF, 0xFFFF, 0xFFFF, 0xFFFF, 0xFFFF, 0xFFFF, 0xFFFF, 0xFFFF,
  0xFFFF, 0xFFFF, 0xFFFF, 0xFFFF, 0xFFFF, 0xFFFF, 0xFFFF, 0xFFFF, 0xFFDF, 0x8431, 0x0000, 0xCE7A,
  0xFFFF, 0xF7DF, 0xC65A, 0x3A08, 0xBDF8, 0xFFFF, 0xFFFF, 0xF7DF, 0xFFFF, 0xFFFF, 0xFFFF, 0xFFFF,
  0xFFFF, 0xFFFF, 0xFFFF, 0xFFFF, 0xFFFF, 0xFFFF, 0xFFFF, 0xFFFF, 0xFFFF, 0xFFFF, 0xFFFF, 0xFFFF,
  0xFFFF, 0xFFFF, 0xFFFF, 0xFFFF, 0xFFFF, 0xFFFF, 0xFFFF, 0xFFFF, 0xFFFF, 0xFFFF, 0xFFFF, 0xFFFF,
  0xFFFF, 0xFFFF, 0xFFFF, 0xFFFF, 0xFFFF, 0xFFFF, 0xFFFF, 0xFFFF, 0xFFFF, 0xFFFF, 0xFFFF, 0xFFFF,
  0xFFFF, 0xFFFF, 0xFFFF, 0xFFFF, 0xFFFF, 0xFFFF, 0xFFFF, 0xFFFF, 0xFFFF, 0xFFFF, 0xFFFF, 0xFFFF,
  0xFFFF, 0xFFFF, 0xFFFF, 0xFFFF, 0xFFFF, 0xFFFF, 0xFFFF, 0xFFFF, 0xFFFF, 0xFFFF, 0xFFFF, 0xFFFF,
  0xFFFF, 0xFFFF, 0xFFFF, 0xFFFF, 0xFFFF, 0xFFFF, 0xFFFF, 0xFFFF, 0xFFFF, 0xFFFF, 0xFFFF, 0xFFFF,
  0xFFFF, 0xFFFF, 0xFFFF, 0xFFFF, 0xFFFF, 0xFFFF, 0xFFFF, 0xFFFF, 0xFFFF, 0xFFFF, 0xFFFF, 0xFFFF,
  0xFFFF, 0xFFFF, 0xFFFF, 0xFFFF, 0xFFFF, 0xFFFF, 0xFFFF, 0xFFFF, 0xFFFF, 0xFFFF, 0xFFDF, 0xFFFF,
  0xFFFF, 0xFFFF, 0xFFFF, 0xFFFF, 0xFFFF, 0xFFFF, 0xFFFF, 0xFFFF, 0xFFFF, 0xFFFF, 0xFFFF, 0xFFFF,
  0xFFFF, 0xFFFF, 0xFFFF, 0xFFFF, 0xFFFF, 0xFFFF, 0xFFFF, 0xFFFF, 0xFFFF, 0xFFFF, 0xFFFF, 0xFFFF,
  0xFFFF, 0xFFFF, 0xFFFF, 0xFFFF, 0xFFFF, 0xFFFF, 0xFFFF, 0xFFFF, 0xFFFF, 0xFFFF, 0xFFFF, 0xFFFF,
  0xFFFF, 0xFFFF, 0xFFFF, 0xFFFF, 0xFFFF, 0xFFFF, 0xFFFF, 0xFFFF, 0xFFFF, 0xFFFF, 0xFFFF, 0xFFFF,
  0xFFFF, 0xFFFF, 0xFFFF, 0xFFFF, 0xFFFF, 0xFFFF, 0xFFFF, 0xFFFF, 0xFFFF, 0xFFFF, 0xFFFF, 0xFFFF,
  0xFFFF, 0xFFFF, 0xFFFF, 0xFFFF, 0xFFFF, 0xFFFF, 0xFFFF, 0xFFFF, 0xFFFF, 0xFFFF, 0xFFFF, 0xFFFF,
  0xFFFF, 0xFFFF, 0xFFDF, 0xFFFF, 0xFFDF, 0xFFFF, 0xFFFF, 0xFFFF, 0xFFFF, 0xFFFF, 0xFFFF, 0xFFFF,
  0xFFFF, 0xFFFF, 0xFFFF, 0xFFFF, 0xFFFF, 0xFFFF, 0xFFFF, 0xFFFF, 0xFFFF, 0xFFFF, 0xFFFF, 0xFFFF,
  0xFFFF, 0xFFFF, 0xFFFF, 0xFFFF, 0xFFFF, 0xFFFF, 0xFFFF, 0xFFFF, 0xFFFF, 0xFFFF, 0xFFFF, 0xFFFF,
  0xFFFF, 0xFFFF, 0xFFFF, 0xFFFF, 0xFFFF, 0xFFFF, 0xFFFF, 0xFFFF, 0xFFFF, 0xFFFF, 0xFFFF, 0xFFFF,
  0xFFFF, 0xFFFF, 0xFFFF, 0xFFFF, 0xFFFF, 0xFFDF, 0xFFDF, 0xFFDF, 0xB596, 0x0001, 0xD6DB, 0xFFFF,
  0xCE9B, 0xAD97, 0xF7DF, 0xC659, 0x0021, 0xCE7A, 0xFFFF, 0xFFFF, 0xFFFF, 0xFFFF, 0xFFFF, 0xFFFF,
  0xFFFF, 0xFFFF, 0xFFFF, 0xFFFF, 0xFFFF, 0xFFFF, 0xFFFF, 0xFFFF, 0xFFFF, 0xFFFF, 0xFFFF, 0xFFFF,
  0xFFFF, 0xFFFF, 0xFFFF, 0xFFFF, 0xFFFF, 0xFFFF, 0xFFFF, 0xFFFF, 0xFFFF, 0xFFFF, 0xFFFF, 0xFFFF,
  0xFFFF, 0xFFFF, 0xFFFF, 0xFFFF, 0xFFFF, 0xFFFF, 0xFFFF, 0xFFFF, 0xFFFF, 0xFFFF, 0xFFFF, 0xFFFF,
  0xFFFF, 0xFFFF, 0xFFFF, 0xFFFF, 0xFFFF, 0xFFFF, 0xFFFF, 0xFFFF, 0xFFFF, 0xFFFF, 0xFFFF, 0xFFFF,
  0xFFFF, 0xFFFF, 0xFFFF, 0xFFFF, 0xFFDF, 0xFFDF, 0xFFDF, 0xFFFF, 0xFFFF, 0xFFFF, 0xFFFF, 0xFFFF,
  0xFFFF, 0xFFFF, 0xFFFF, 0xFFFF, 0xFFFF, 0xFFFF, 0xFFFF, 0xFFFF, 0xFFFF, 0xFFFF, 0xFFFF, 0xFFFF,
  0xFFFF, 0xFFFF, 0xFFFF, 0xFFFF, 0xFFFF, 0xFFFF, 0xFFFF, 0xFFFF, 0xFFFF, 0xFFFF, 0xFFFF, 0xFFFF,
  0xFFFF, 0xFFFF, 0xFFDF, 0xFFFF, 0xFFFF, 0xFFDF, 0xFFDF, 0xFFDF, 0xFFFF, 0xFFFF, 0xFFFF, 0xFFFF,
  0xFFFF, 0xFFFF, 0xFFFF, 0xFFFF, 0xFFFF, 0xFFFF, 0xFFFF, 0xFFFF, 0xFFFF, 0xFFFF, 0xFFFF, 0xFFFF,
  0xFFFF, 0xFFFF, 0xFFFF, 0xFFFF, 0xFFFF, 0xFFFF, 0xFFFF, 0xFFFF, 0xFFFF, 0xFFFF, 0xFFFF, 0xFFFF,
  0xFFFF, 0xFFFF, 0xFFFF, 0xFFFF, 0xFFFF, 0xFFFF, 0xFFFF, 0xFFFF, 0xFFFF, 0xFFFF, 0xFFFF, 0xFFFF,
  0xFFFF, 0xFFFF, 0xFFFF, 0xFFFF, 0xFFFF, 0xFFFF, 0xFFFF, 0xFFFF, 0xFFFF, 0xFFFF, 0xFFFF, 0xFFFF,
  0xFFFF, 0xFFFF, 0xFFFF, 0xFFFF, 0xFFFF, 0xFFFF, 0xFFFF, 0xFFFF, 0xFFFF, 0xFFFF, 0xFFFE, 0xFFFF,
  0xFFFF, 0xFFFF, 0xFFFF, 0xFFFF, 0xFFFF, 0xFFFF, 0xFFFF, 0xFFFF, 0xFFFF, 0xFFFF, 0xFFFF, 0xFFFF,
  0xFFFF, 0xFFDF, 0xFFFF, 0xFFFF, 0xFFFF, 0xFFFF, 0xFFFF, 0xFFFF, 0xFFFF, 0xFFFF, 0xFFFF, 0xFFFF,
  0xFFFF, 0xFFFF, 0xFFFF, 0xFFFF, 0xFFDF, 0xFFFF, 0xFFFF, 0xFFFF, 0xFFFF, 0xFFFF, 0xFFFF, 0xFFFF,
  0xFFFF, 0xFFFF, 0xFFFF, 0xFFFF, 0xFFFF, 0xFFFF, 0xFFFF, 0xFFFF, 0xFFFF, 0xFFFF, 0xFFFF, 0xFFFF,
  0xFFFF, 0xFFFF, 0xFFFF, 0xFFFF, 0xFFFF, 0xFFFF, 0xFFFF, 0xFFFF, 0xFFFF, 0xFFFF, 0xFFFF, 0xFFFF,
  0xFFFF, 0xFFFF, 0xFFFF, 0xFFFF, 0xFFFF, 0xFFDF, 0xFFFF, 0x8C92, 0x0000, 0xD6DB, 0xFFFF, 0xE77E,
  0x5B0D, 0x0001, 0xBDF9, 0xFFFF, 0xAD56, 0x0001, 0xD6BB, 0xFFFF, 0xFFFF, 0xFFFF, 0xFFFF, 0xFFFF,
  0xFFFF, 0xFFFF, 0xFFFF, 0xFFFF, 0xFFFF, 0xFFFF, 0xFFFF, 0xFFFF, 0xFFFF, 0xFFFF, 0xFFFF, 0xFFFF,
  0xFFFF, 0xFFFF, 0xFFFF, 0xFFFF, 0xFFFF, 0xFFFF, 0xFFFF, 0xFFFF, 0xFFFF, 0xFFFF, 0xFFFF, 0xFFFF,
  0xFFFF, 0xFFFF, 0xFFFF, 0xFFFF, 0xFFFF, 0xFFFF, 0xFFFF, 0xFFFF, 0xFFFF, 0xFFFF, 0xFFFF, 0xFFFF,
  0xFFFF, 0xFFFF, 0xFFFF, 0xFFFF, 0xFFFF, 0xFFFF, 0xFFFF, 0xFFFF, 0xFFFF, 0xFFFF, 0xFFFF, 0xFFFF,
  0xFFFF, 0xFFFF, 0xFFFF, 0xFFFF, 0xFFDF, 0xFFDF, 0xFFDF, 0xFFDF, 0xFFFF, 0xFFFF, 0xFFFF, 0xFFFF,
  0xFFFF, 0xFFFF, 0xFFFF, 0xFFFF, 0xFFFF, 0xFFFF, 0xFFFF, 0xFFFF, 0xFFFF, 0xFFFF, 0xFFFF, 0xFFFF,
  0xFFFF, 0xFFFF, 0xFFFF, 0xFFFF, 0xFFFF, 0xFFFF, 0xFFFF, 0xFFFF, 0xFFFF, 0xFFFF, 0xFFFF, 0xFFFF,
  0xFFDF, 0xFFFF, 0xFFFF, 0xFFFF, 0xFFDF, 0xFFFF, 0xFFFF, 0xFFDF, 0xFFFF, 0xFFFE, 0xFFDF, 0xFFDF,
  0xFFFF, 0xFFFF, 0xFFFF, 0xFFFF, 0xFFFF, 0xFFFF, 0xFFFF, 0xFFFF, 0xFFFF, 0xFFFF, 0xFFFF, 0xFFFF,
  0xFFFF, 0xFFFF, 0xFFFF, 0xFFFF, 0xFFFF, 0xFFFF, 0xFFFF, 0xFFFF, 0xFFFF, 0xFFFE, 0xFFFF, 0xFFFF,
  0xFFFF, 0xFFFF, 0xFFFF, 0xFFFF, 0xFFFF, 0xFFFF, 0xFFFF, 0xFFFF, 0xFFFF, 0xFFFF, 0xFFFF, 0xFFFF,
  0xFFFF, 0xFFFF, 0xFFFF, 0xFFFF, 0xFFFF, 0xFFFF, 0xFFFF, 0xFFFF, 0xFFFF, 0xFFFF, 0xFFFF, 0xFFFF,
  0xFFFF, 0xFFFF, 0xFFFF, 0xFFFF, 0xFFFF, 0xFFFF, 0xFFFF, 0xFFFF, 0xFFFF, 0xFFFF, 0xFFFF, 0xFFFF,
  0xFFFF, 0xFFFF, 0xFFFF, 0xFFFF, 0xFFFF, 0xFFFF, 0xFFFF, 0xFFFF, 0xFFFF, 0xFFFF, 0xFFFF, 0xFFFF,
  0xFFFF, 0xFFFF, 0xFFFF, 0xFFFF, 0xFFDF, 0xFFDF, 0xFFDF, 0xFFFF, 0xFFFF, 0xFFFF, 0xFFFF, 0xFFFF,
  0xFFFF, 0xFFFF, 0xFFFF, 0xFFFF, 0xFFDF, 0xFFFF, 0xFFFF, 0xFFFF, 0xFFFF, 0xFFFF, 0xFFFF, 0xFFFF,
  0xFFFF, 0xFFFF, 0xFFFF, 0xFFFF, 0xFFFF, 0xFFFF, 0xFFFF, 0xFFFF, 0xFFFF, 0xFFFF, 0xFFFF, 0xFFFF,
  0xFFFF, 0xFFFF, 0xFFFF, 0xFFFF, 0xFFFF, 0xFFFF, 0xFFFF, 0xFFFF, 0xFFFF, 0xFFFF, 0xFFFF, 0xFFFF,
  0xFFFF, 0xFFFF, 0xFFFF, 0xFFFF, 0xFFFF, 0xFFFF, 0x9CF4, 0x0000, 0xD69B, 0xF7DF, 0xF7BF, 0xF7FF,
  0xA557, 0x7C32, 0xE75E, 0xF7BF, 0xF7DF, 0x94B3, 0x31A7, 0xDEFC, 0xFFDF, 0xFFFF, 0xFFFF, 0xFFDF,
  0xFFFF, 0xFFFF, 0xFFFF, 0xFFFF, 0xFFFF, 0xFFFF, 0xFFFF, 0xFFFF, 0xFFFF, 0xFFFF, 0xFFFF, 0xFFFF,
  0xFFFF, 0xFFFF, 0xFFFF, 0xFFFF, 0xFFFF, 0xFFFF, 0xFFFF, 0xFFFF, 0xFFFF, 0xFFFF, 0xFFFF, 0xFFFF,
  0xFFFF, 0xFFFF, 0xFFFF, 0xFFFF, 0xFFFF, 0xFFFF, 0xFFFF, 0xFFFF, 0xFFFF, 0xFFFF, 0xFFFF, 0xFFFF,
  0xFFFF, 0xFFFF, 0xFFFF, 0xFFFF, 0xFFFF, 0xFFFF, 0xFFFF, 0xFFFF, 0xFFFF, 0xFFFF, 0xFFFF, 0xFFFF,
  0xFFFF, 0xFFFF, 0xFFFF, 0xFFFF, 0xFFFF, 0xFFFF, 0xFFFF, 0xFFFF, 0xFFFF, 0xFFFF, 0xFFFF, 0xFFFF,
  0xFFFF, 0xFFFF, 0xFFFF, 0xFFFF, 0xFFFF, 0xFFFF, 0xFFFF, 0xFFFF, 0xFFFF, 0xFFFF, 0xFFFF, 0xFFFF,
  0xFFFF, 0xFFFF, 0xFFFF, 0xFFFF, 0xFFFF, 0xFFDF, 0xFFDF, 0xFFDF, 0xFFFF, 0xFFFF, 0xFFFF, 0xFFFF,
  0xFFFF, 0xFFFF, 0xFFFF, 0xFFFF, 0xFFFF, 0xFFDF, 0xFFFF, 0xFFFF, 0xFFFF, 0xFFFF, 0xFFFF, 0xFFFF,
  0xFFDF, 0xFFFF, 0xFFFF, 0xFFFF, 0xFFFF, 0xFFFF, 0xFFFF, 0xFFFF, 0xFFFF, 0xFFFF, 0xFFFF, 0xFFFF,
  0xFFFF, 0xFFFF, 0xFFFF, 0xFFFF, 0xFFFF, 0xFFFF, 0xFFFF, 0xFFFF, 0xFFFF, 0xFFFE, 0xFFFF, 0xFFFF,
  0xFFFF, 0xFFFF, 0xFFFF, 0xFFFF, 0xFFFF, 0xFFFF, 0xFFFF, 0xFFFF, 0xFFFF, 0xFFFF, 0xFFFF, 0xFFFF,
  0xFFFF, 0xFFFF, 0xFFFF, 0xFFFF, 0xFFFF, 0xFFFF, 0xFFFF, 0xFFFF, 0xFFFF, 0xFFFF, 0xFFFF, 0xFFFF,
  0xFFFF, 0xFFFF, 0xFFFF, 0xFFFF, 0xFFFF, 0xFFFF, 0xFFFF, 0xFFFF, 0xFFFF, 0xFFFF, 0xFFFF, 0xFFFF,
  0xFFFF, 0xFFFF, 0xFFFF, 0xFFFF, 0xFFFF, 0xFFFF, 0xFFFF, 0xFFFF, 0xFFFF, 0xFFFF, 0xFFFF, 0xFFFF,
  0xFFFF, 0xFFFF, 0xFFFF, 0xFFFF, 0xFFFF, 0xFFFF, 0xF7FF, 0xFFFF, 0xFFFF, 0xFFFF, 0xFFFF, 0xFFFF,
  0xFFFF, 0xFFFF, 0xFFFF, 0xFFFF, 0xFFFF, 0xF7FF, 0xFFFF, 0xFFFF, 0xFFFF, 0xFFFF, 0xFFFF, 0xFFFF,
  0xFFFF, 0xFFFF, 0xFFFF, 0xFFFF, 0xFFFF, 0xFFFF, 0xFFDF, 0xFFFF, 0xFFFF, 0xFFFF, 0xFFFF, 0xFFFF,
  0xFFFF, 0xFFFF, 0xFFFF, 0xFFFF, 0xFFFF, 0xFFFF, 0xFFFF, 0xFFFF, 0xFFFF, 0xFFFF, 0xFFFF, 0xFFFF,
  0xFFFF, 0xFFFF, 0xFFFF, 0xFFFF, 0xFFFF, 0xA534, 0x0000, 0xC659, 0xFFFF, 0xF7BF, 0xEFBE, 0xF7FF,
  0xCE9C, 0xADB8, 0xF7DF, 0xF7BF, 0xF7DF, 0xF7BF, 0x7C31, 0x0882, 0xE73D, 0xFFDF, 0xFFFF, 0xFFFF,
  0xFFFF, 0xFFFF, 0xFFFF, 0xFFFF, 0xFFFF, 0xFFFF, 0xFFFF, 0xFFFF, 0xFFFF, 0xFFFF, 0xFFFF, 0xFFFF,
  0xFFFF, 0xFFFF, 0xFFFF, 0xFFFF, 0xFFFF, 0xFFFF, 0xFFFF, 0xFFFF, 0xFFFF, 0xFFFF, 0xFFFF, 0xFFFF,
  0xFFFF, 0xFFFF, 0xFFFF, 0xFFFF, 0xF7FF, 0xF7DF, 0xF7DF, 0xF7BF, 0xF7BF, 0xF79F, 0xF79F, 0xEF9F,
  0xEF7F, 0xEF7F, 0xE77F, 0xE75F, 0xE75F, 0xDF3E, 0xDF3E, 0xDF1E, 0xDF1E, 0xE71E, 0xE73E, 0xE75F,
  0xEF7F, 0xF7BF, 0xFFDF, 0xFFFF, 0xFFFF, 0xFFFF, 0xFFFF, 0xFFFF, 0xFFFF, 0xFFFF, 0xFFFF, 0xFFFF,
  0xFFFF, 0xFFFF, 0xFFFF, 0xFFFF, 0xFFFF, 0xFFFF, 0xFFFF, 0xFFFF, 0xFFFF, 0xFFFF, 0xFFFF, 0xFFFF,
  0xFFFF, 0xFFFF, 0xFFFF, 0xFFFF, 0xFFFF, 0xFFFF, 0xFFFF, 0xFFDF, 0xF79F, 0xD6BC, 0xB5B8, 0x9CF6,
  0x8412, 0x73B1, 0x6B70, 0x6B90, 0x6BB0, 0x6BB0, 0x8432, 0x94F5, 0xB5D9, 0xD6DC, 0xEFBF, 0xFFFF,
  0xFFFF, 0xFFFF, 0xFFFF, 0xFFFF, 0xFFFF, 0xFFFF, 0xFFFF, 0xFFFF, 0xFFFF, 0xFFFF, 0xFFFF, 0xFFFF,
  0xFFFF, 0xFFFF, 0xFFFF, 0xFFFF, 0xFFFF, 0xFFFF, 0xFFFF, 0xFFFF, 0xFFFF, 0xFFFF, 0xFFFF, 0xFFFF,
  0xFFFF, 0xFFFF, 0xFFFF, 0xFFFF, 0xFFFF, 0xFFFF, 0xFFFF, 0xFFFF, 0xFFFF, 0xFFFF, 0xFFFF, 0xFFFF,
  0xFFFF, 0xFFFF, 0xFFFF, 0xFFFF, 0xFFFF, 0xFFFF, 0xFFFF, 0xFFFF, 0xFFFF, 0xFFFF, 0xFFFF, 0xFFFF,
  0xFFFF, 0xFFFF, 0xFFFF, 0xFFFF, 0xFFFF, 0xFFFF, 0xFFFF, 0xFFFF, 0xF7FF, 0xFFFF, 0xFFFF, 0xFFFF,
  0xFFFF, 0xFFFF, 0xFFFF, 0xFFFF, 0xFFFF, 0xFFFF, 0xFFFF, 0xFFFF, 0xFFFF, 0xFFFF, 0xFFFF, 0xFFFF,
  0xFFFF, 0xFFFF, 0xFFFF, 0xFFFF, 0xEF9F, 0xD6FC, 0xB619, 0x9D57, 0x8CB5, 0x7C33, 0x73F2, 0x73F3,
  0x7C13, 0x73F2, 0x7C33, 0x8CB5, 0xA577, 0xB619, 0xCEDC, 0xE77F, 0xF7FF, 0xFFFF, 0xFFFF, 0xFFFF,
  0xFFFF, 0xFFFF, 0xFFFF, 0xFFFF, 0xFFDF, 0xFFDF, 0xFFDF, 0xFFDF, 0xFFFF, 0xFFFF, 0xFFFF, 0xFFFF,
  0xFFFF, 0xFFFF, 0xFFFF, 0xFFFF, 0xFFFF, 0xFFFF, 0xFFFF, 0xFFFF, 0xFFFF, 0xFFDF, 0xFFFF, 0xFFFF,
  0xFFFF, 0xFFFF, 0xFFFF, 0xFFFF, 0xD6BA, 0x0020, 0xC639, 0xFFFF, 0xF7DF, 0xEF7E, 0xFFFF, 0xD6DB,
  0x1905, 0x0002, 0xAD77, 0xF7FF, 0xEFBF, 0xEFBF, 0xF7DF, 0x7C10, 0x5AEC, 0xE73D, 0xFFFF, 0xFFFF,
  0xFFFF, 0xFFFF, 0xFFFF, 0xFFFF, 0xFFFF, 0xFFFF, 0xFFFF, 0xFFFF, 0xFFFF, 0xFFFF, 0xFFDF, 0xFFFF,
  0xFFFF, 0xFFFF, 0xFFFF, 0xFFFF, 0xFFFF, 0xFFFF, 0xFFFF, 0xFFFF, 0xFFFF, 0xFFFF, 0xFFFF, 0xFFFF,
  0xFFDE, 0xFFFF, 0xC639, 0x7BF1, 0x73F1, 0x73D2, 0x73B2, 0x6B92, 0x6330, 0x6B51, 0x6310, 0x5AEF,
  0x5AEF, 0x52EF, 0x52EF, 0x52CF, 0x52CF, 0x4AAF, 0x4AAF, 0x4A8F, 0x4A8F, 0x4A6E, 0x4A6E, 0x4A4D,
  0x528E, 0x5AEF, 0x6B70, 0x7C33, 0xA577, 0xCE9B, 0xE77F, 0xFFFF, 0xFFFF, 0xFFFF, 0xFFFF, 0xFFFF,
  0xFFFF, 0xFFFF, 0xFFFF, 0xFFFF, 0xFFFF, 0xFFDF, 0xFFFF, 0xFFFF, 0xFFDF, 0xFFFF, 0xFFFF, 0xFFFF,
  0xFFFF, 0xF7FE, 0xFFFF, 0xFFFF, 0xFFFF, 0xE73E, 0xAD98, 0x7C33, 0x4A8D, 0x422C, 0x1908, 0x0025,
  0x0046, 0x0866, 0x0066, 0x0025, 0x0024, 0x0045, 0x0044, 0x0044, 0x08C7, 0x3A2C, 0x4AAE, 0x7C33,
  0xBE3B, 0xEF9F, 0xFFFF, 0xF7FF, 0xFFFF, 0xFFFF, 0xFFFF, 0xFFFE, 0xFFFF, 0xFFFF, 0xFFDF, 0xFFFF,
  0xFFFF, 0xFFFF, 0xFFFF, 0xFFDF, 0xFFFF, 0xD69B, 0x6B6F, 0x94B5, 0xF7BF, 0xFFFF, 0xFFFF, 0xFFFF,
  0xFFFF, 0xFFFF, 0xFFFF, 0xFFFF, 0xFFFF, 0xFFFF, 0xFFFF, 0xFFFF, 0xFFFF, 0xFFFF, 0xFFFF, 0xFFFF,
  0xFFFF, 0xFFFF, 0xFFFF, 0xFFFF, 0xFFFF, 0xFFFF, 0xFFFF, 0xFFFF, 0xFFFF, 0xFFFF, 0xFFFF, 0xFFFF,
  0xFFFF, 0xFFFF, 0xFFFF, 0xFFFF, 0xFFDF, 0xFFFF, 0x9CF5, 0x8453, 0x8494, 0x8474, 0x73D1, 0xD69B,
  0xFFFF, 0xFFFF, 0xFFDE, 0xFFFF, 0xFFDF, 0xFFFF, 0xFFDF, 0xFFFF, 0xFFDF, 0xFFFF, 0xFFFF, 0xFFFF,
  0xF7FF, 0xE79E, 0xB5D9, 0x8474, 0x5330, 0x3A6E, 0x218A, 0x08C7, 0x00A7, 0x00A8, 0x0047, 0x0046,
  0x0047, 0x0067, 0x08A8, 0x0087, 0x08C7, 0x218A, 0x320C, 0x3A4D, 0x6371, 0x94D6, 0xCE9C, 0xEFBF,
  0xFFFF, 0xFFFF, 0xFFFF, 0xFFFF, 0xFFFF, 0xFFDF, 0xFFFF, 0xFFDF, 0xFFFF, 0xFFFF, 0xFFFF, 0xFFFF,
  0xFFFF, 0xFFFF, 0xFFFF, 0xFFFF, 0xFFFF, 0xFFFF, 0xFFFF, 0xFFFF, 0xFFFF, 0xFFDF, 0xFFFF, 0xFFFF,
  0xFFDF, 0xFFDF, 0xFFFF, 0xB596, 0x0000, 0xBE18, 0xFFDF, 0xF7BF, 0xF7BF, 0xF7FF, 0xDF1B, 0x3A08,
  0x424A, 0x73D1, 0x634E, 0x9D34, 0xFFFF, 0xEFBF, 0xF7DF, 0xF7DF, 0x73CF, 0x4249, 0xDF1C, 0xFFFF,
  0xFFFF, 0xFFFF, 0xFFFF, 0xFFDF, 0xFFFF, 0xFFFF, 0xFFFF, 0xFFFF, 0xFFFF, 0xFFFF, 0xFFFF, 0xFFFF,
  0xFFFF, 0xFFFF, 0xFFFF, 0xFFFF, 0xFFFF, 0xFFFF, 0xFFFF, 0xFFFF, 0xFFFF, 0xFFFF, 0xFFFF, 0xF7DE,
  0xFFDF, 0xFFFF, 0x9493, 0x0023, 0x0044, 0x0004, 0x0004, 0x0025, 0x0025, 0x0025, 0x0046, 0x0025,
  0x0046, 0x0046, 0x0046, 0x0046, 0x0046, 0x0047, 0x0047, 0x0047, 0x0867, 0x0847, 0x0046, 0x0026,
  0x0025, 0x0025, 0x0045, 0x08A6, 0x1949, 0x31EB, 0x6370, 0x94D5, 0xCE9C, 0xFFFF, 0xFFDF, 0xFFDF,
  0xFFFF, 0xFFFF, 0xFFFF, 0xFFFF, 0xFFDF, 0xFFFF, 0xFFDF, 0xFFFF, 0xFFFF, 0xFFDF, 0xFFFF, 0xFFFF,
  0xFFFF, 0xFFFF, 0xF7FF, 0xCE9B, 0x7C12, 0x4AAE, 0x1948, 0x0044, 0x0025, 0x10C8, 0x29AB, 0x31CC,
  0x31CC, 0x29AC, 0x29AC, 0x31EC, 0x31EC, 0x31CB, 0x29CB, 0x29CB, 0x1929, 0x08A7, 0x0046, 0x08C7,
  0x298A, 0x4AAD, 0x9D36, 0xEFBF, 0xF7FF, 0xFFFF, 0xFFFE, 0xFFFE, 0xFFFF, 0xFFFF, 0xFFFF, 0xFFDF,
  0xFFFF, 0xFFFF, 0xFFFF, 0xFFFF, 0xFFFF, 0xAD77, 0x0064, 0x0065, 0x6BB1, 0xE77F, 0xFFFF, 0xFFFF,
  0xFFDF, 0xFFFF, 0xFFFF, 0xFFFF, 0xFFFF, 0xFFFF, 0xFFFF, 0xFFFF, 0xFFFF, 0xFFFF, 0xFFFF, 0xFFFF,
  0xFFFF, 0xFFFF, 0xFFFF, 0xFFFF, 0xFFFF, 0xFFFF, 0xFFFF, 0xFFFF, 0xFFFF, 0xFFFF, 0xFFFF, 0xFFFF,
  0xFFFF, 0xFFFF, 0xFFFF, 0xFFFF, 0xFFFF, 0xF7BF, 0x52CD, 0x0044, 0x0044, 0x0065, 0x1106, 0xA556,
  0xFFFF, 0xF7DE, 0xFFFF, 0xFFFF, 0xFFFF, 0xFFFF, 0xFFBF, 0xFFDF, 0xFFFF, 0xFFFF, 0xF7FF, 0xD71C,
  0x8CD4, 0x5B4F, 0x10E7, 0x0025, 0x0066, 0x114A, 0x21CC, 0x218B, 0x196B, 0x194B, 0x112A, 0x194B,
  0x110A, 0x110A, 0x196B, 0x218B, 0x21AC, 0x21AB, 0x1129, 0x08C8, 0x0087, 0x08C8, 0x3A2C, 0x52EE,
  0x94F5, 0xE75D, 0xFFFF, 0xFFFF, 0xFFFF, 0xFFFF, 0xFFFF, 0xFFFF, 0xFFFF, 0xFFDF, 0xFFFF, 0xFFFF,
  0xFFFF, 0xFFFF, 0xFFFF, 0xFFFF, 0xFFFF, 0xFFFF, 0xFFFF, 0xFFFF, 0xFFFF, 0xFFFF, 0xFFFF, 0xFFFF,
  0xFFFF, 0xFFFF, 0xAD76, 0x0000, 0xB5D7, 0xFFFF, 0xEF9E, 0xF7BF, 0xF7DF, 0xDF1C, 0x0000, 0xB5B6,
  0x9D36, 0x52ED, 0xEF7F, 0x5B0C, 0x94F3, 0xF7FF, 0xF7DF, 0xEFBF, 0xF7DF, 0x7C10, 0x3A08, 0xDF1C,
  0xFFFF, 0xF7DF, 0xFFFF, 0xFFFF, 0xFFFF, 0xFFFF, 0xFFFF, 0xFFFF, 0xFFFF, 0xFFFF, 0xFFFF, 0xFFFF,
  0xFFFF, 0xFFFF, 0xFFFF, 0xFFFF, 0xFFFF, 0xFFFF, 0xFFFF, 0xFFFF, 0xFFFF, 0xFFFF, 0xFFFF, 0xFFFF,
  0xFFFF, 0xFFFF, 0xA536, 0x2127, 0x218A, 0x218B, 0x298B, 0x296A, 0x298B, 0x296A, 0x296B, 0x214A,
  0x212A, 0x214A, 0x212A, 0x192A, 0x192A, 0x192A, 0x192A, 0x192A, 0x192A, 0x192A, 0x214A, 0x298B,
  0x31AB, 0x31CB, 0x29CC, 0x218B, 0x192A, 0x1109, 0x0046, 0x0025, 0x29AA, 0x94B6, 0xE73F, 0xFFFF,
  0xF7BE, 0xFFFF, 0xFFFF, 0xFFFF, 0xFFFF, 0xFFFF, 0xFFFF, 0xFFFF, 0xFFFE, 0xFFFF, 0xFFFF, 0xFFFF,
  0xFFFF, 0xDF1E, 0x7C13, 0x3A0B, 0x0045, 0x0066, 0x1929, 0x31CB, 0x29CB, 0x2149, 0x0025, 0x0024,
  0x0004, 0x0004, 0x0024, 0x0003, 0x0003, 0x0023, 0x0044, 0x0024, 0x1929, 0x29CC, 0x298C, 0x192B,
  0x10C9, 0x0047, 0x10C7, 0x5B0F, 0xC67B, 0xF7FF, 0xFFFF, 0xFFFF, 0xFFFF, 0xFFFF, 0xFFFF, 0xFFFF,
  0xFFFF, 0xFFFF, 0xFFFE, 0xFFFE, 0xFFFF, 0xBDFA, 0x1908, 0x29AC, 0x0045, 0x530F, 0xDF3E, 0xFFFF,
  0xF7BE, 0xFFFF, 0xFFFF, 0xFFFF, 0xFFFF, 0xFFFF, 0xFFFF, 0xFFFF, 0xFFFF, 0xFFFF, 0xFFFF, 0xFFFF,
  0xFFFF, 0xFFFF, 0xFFFF, 0xFFFF, 0xFFFF, 0xFFFF, 0xFFFF, 0xFFFF, 0xFFFF, 0xFFFF, 0xFFFF, 0xFFFF,
  0xFFFF, 0xFFFF, 0xFFFF, 0xFFFF, 0xFFDF, 0xFFFF, 0x6350, 0x1108, 0x21EC, 0x21AB, 0x2189, 0xA577,
  0xFFFF, 0xF7DE, 0xFFFF, 0xFFFF, 0xFFDF, 0xFFFF, 0xFFFF, 0xFFFF, 0xFFFF, 0xF7DF, 0xAD98, 0x52EE,
  0x0065, 0x0045, 0x218B, 0x29CC, 0x194A, 0x0045, 0x0025, 0x08C7, 0x10E8, 0x1949, 0x29CB, 0x29AB,
  0x31EB, 0x21AA, 0x1949, 0x08C7, 0x0025, 0x0024, 0x0066, 0x08E8, 0x196B, 0x218C, 0x08E9, 0x08A7,
  0x0065, 0x530E, 0x9D15, 0xEFBF, 0xF7FF, 0xFFFF, 0xF7DE, 0xFFFF, 0xFFDF, 0xFFFF, 0xFFFF, 0xFFFF,
  0xFFFF, 0xFFFF, 0xFFFF, 0xFFFF, 0xFFFF, 0xFFFF, 0xFFFF, 0xFFFF, 0xFFFF, 0xFFFF, 0xFFFF, 0xFFFF,
  0xFFDF, 0xB5B6, 0x0021, 0xB5D7, 0xFFFF, 0xF7BF, 0xF7BF, 0xFFFF, 0xE73D, 0x0021, 0x94B2, 0xFFFF,
  0x8C93, 0x31C9, 0xF7FF, 0xE77E, 0x3A08, 0x9D34, 0xF7FF, 0xEFBF, 0xF7DF, 0xEF9E, 0x8431, 0x5B0C,
  0xE73D, 0xFFFF, 0xFFFF, 0xFFFF, 0xFFFF, 0xFFFF, 0xFFFF, 0xFFFF, 0xFFDF, 0xFFFF, 0xFFFF, 0xFFFF,
  0xFFFF, 0xFFFF, 0xFFFF, 0xFFFF, 0xFFFF, 0xFFFF, 0xFFFF, 0xFFFF, 0xFFFF, 0xFFFF, 0xFFFF, 0xFFFF,
  0xFFFF, 0xFFFF, 0xA516, 0x0885, 0x1109, 0x08C8, 0x1109, 0x0025, 0x0045, 0x0025, 0x0024, 0x0004,
  0x0025, 0x0045, 0x0066, 0x0886, 0x0887, 0x08A7, 0x08A7, 0x08A7, 0x08C7, 0x0066, 0x0024, 0x0044,
  0x0024, 0x0003, 0x0045, 0x0045, 0x192A, 0x21AD, 0x21AC, 0x196B, 0x1109, 0x0004, 0x5B2F, 0xD6FD,
  0xFFFF, 0xF7BE, 0xFFFF, 0xFFFF, 0xFFFF, 0xFFFF, 0xFFFF, 0xFFFF, 0xFFFF, 0xF7BE, 0xFFFF, 0xFFFF,
  0xAD98, 0x4A8D, 0x0025, 0x1909, 0x29AB, 0x218B, 0x10E8, 0x0025, 0x0024, 0x08A6, 0x52EE, 0x7BF2,
  0x94D5, 0xA536, 0xAD77, 0xAD57, 0x9D16, 0x94B5, 0x7BD1, 0x52AD, 0x0024, 0x0004, 0x0026, 0x214B,
  0x29AD, 0x214B, 0x214B, 0x0026, 0x31CB, 0xA577, 0xF7FF, 0xFFFF, 0xFFFF, 0xFFFF, 0xFFFF, 0xFFFF,
  0xFFFF, 0xFFFF, 0xFFFE, 0xFFDE, 0xFFFF, 0xB5FA, 0x08C8, 0x196B, 0x196B, 0x0045, 0x6BB2, 0xD6BC,
  0xFFFF, 0xFFFF, 0xFFFF, 0xF7FE, 0xFFFF, 0xFFFF, 0xFFFF, 0xFFFF, 0xFFFF, 0xFFFF, 0xFFFF, 0xFFFF,
  0xFFFF, 0xFFFF, 0xFFFF, 0xFFFF, 0xFFFF, 0xFFFF, 0xFFFF, 0xFFFF, 0xFFFF, 0xFFFF, 0xFFFF, 0xFFFF,
  0xFFFF, 0xFFFF, 0xFFFF, 0xFFFF, 0xFFDF, 0xFFBF, 0x5B30, 0x0066, 0x196B, 0x114A, 0x218A, 0xA557,
  0xFFFF, 0xFFFF, 0xFFFF, 0xFFFF, 0xFFDF, 0xFFFF, 0xFFDF, 0xFFFF, 0xF7BF, 0x94D4, 0x0003, 0x10E7,
  0x218B, 0x218B, 0x08C8, 0x0046, 0x2189, 0x6330, 0x7C33, 0x94D6, 0xB5D9, 0xBE1B, 0xBE3B, 0xC65B,
  0xBE3B, 0xBE3B, 0xBE1A, 0xADB9, 0x9D17, 0x7C34, 0x5B30, 0x426D, 0x08A7, 0x0005, 0x1109, 0x196A,
  0x29AB, 0x0045, 0x0044, 0x5B4F, 0xC65A, 0xF7FF, 0xFFFF, 0xFFFF, 0xFFFF, 0xFFFF, 0xFFFF, 0xFFFF,
  0xFFFF, 0xFFFF, 0xFFFF, 0xFFFF, 0xFFFF, 0xFFFF, 0xFFFF, 0xFFFF, 0xFFFF, 0xFFFF, 0xFFFF, 0xFFFF,
  0xC618, 0x0000, 0xB5B7, 0xF7DF, 0xEF7E, 0xEF9E, 0xFFFF, 0xDF1D, 0x10A4, 0x73F0, 0xF7DE, 0xFFFF,
  0x8453, 0x420A, 0xEF9F, 0xF7FF, 0xE77D, 0x31E7, 0x9D35, 0xF7DF, 0xF7BF, 0xF7DF, 0xEFBF, 0x8431,
  0x2986, 0xE75D, 0xFFFF, 0xFFFF, 0xFFFF, 0xFFFF, 0xFFFF, 0xFFFF, 0xFFFF, 0xFFFF, 0xFFFF, 0xFFFF,
  0xFFFF, 0xFFFF, 0xFFFF, 0xFFFF, 0xFFFF, 0xFFFF, 0xFFFF, 0xFFFF, 0xFFDF, 0xFFFF, 0xFFFF, 0xFFFF,
  0xF7DF, 0xFFFF, 0xA537, 0x0045, 0x1929, 0x196A, 0x0024, 0x9D17, 0xCE7C, 0xD6BC, 0xD6DD, 0xDEFD,
  0xD6DD, 0xD6FE, 0xD6FE, 0xDF1E, 0xDF1E, 0xDF1E, 0xDEFE, 0xDEFD, 0xD6FD, 0xD71D, 0xD6FC, 0xCE9B,
  0xBE3A, 0xB5D8, 0x8CB4, 0x530E, 0x0065, 0x0025, 0x00A7, 0x29AB, 0x10E8, 0x29CB, 0x0004, 0x4A8D,
  0xD6DC, 0xFFFF, 0xFFFF, 0xFFFF, 0xFFFF, 0xFFFF, 0xFFFF, 0xFFFF, 0xFFFF, 0xFFFF, 0xFFFF, 0x7C12,
  0x2969, 0x0866, 0x296B, 0x296B, 0x10E9, 0x0005, 0x10E8, 0x8455, 0xB5FA, 0xDEFE, 0xEF7F, 0xFFDF,
  0xFFFF, 0xFFDF, 0xFFDF, 0xFFDF, 0xFFDF, 0xFFFF, 0xFFBF, 0xEF3E, 0xD6DD, 0xB5FA, 0x7C13, 0x0005,
  0x0006, 0x216C, 0x110A, 0x216C, 0x10C8, 0x0025, 0x8C95, 0xF7FF, 0xFFFF, 0xFFFF, 0xFFFF, 0xFFFF,
  0xFFFF, 0xFFFF, 0xFFFE, 0xFFDE, 0xFFFF, 0xBE1A, 0x00A7, 0x114B, 0x090A, 0x198C, 0x0066, 0x52AE,
  0xC63B, 0xFFFF, 0xF7DF, 0xFFFF, 0xFFFF, 0xFFFF, 0xFFFF, 0xFFFF, 0xFFFF, 0xFFFF, 0xFFFF, 0xFFFF,
  0xFFFF, 0xFFFF, 0xFFFF, 0xFFFF, 0xFFFF, 0xFFFF, 0xFFFF, 0xFFFF, 0xFFFF, 0xFFFF, 0xFFFF, 0xFFFF,
  0xFFFF, 0xFFFF, 0xFFFF, 0xFFFF, 0xFFFF, 0xFFDF, 0x6351, 0x0066, 0x116B, 0x092A, 0x218A, 0xA577,
  0xFFFF, 0xF7DE, 0xFFFF, 0xFFFF, 0xFFFF, 0xFFFF, 0xFFFF, 0xF7BF, 0x6B90, 0x0043, 0x29AA, 0x216A,
  0x1929, 0x0067, 0x4A8E, 0x94D6, 0xD69C, 0xEF9F, 0xFFFF, 0xFFFF, 0xFFFF, 0xFFDF, 0xFFFF, 0xFFFF,
  0xFFFF, 0xFFFF, 0xFFFF, 0xFFFF, 0xFFFF, 0xFFFF, 0xEF7F, 0xD6BC, 0xAD98, 0x6BD2, 0x3A4C, 0x0045,
  0x0046, 0x298B, 0x298B, 0x0024, 0x3A2A, 0x94D4, 0xEF9E, 0xFFFF, 0xFFFE, 0xFFFF, 0xFFFF, 0xFFFF,
  0xFFFF, 0xFFFF, 0xFFFF, 0xFFFF, 0xFFFF, 0xFFFF, 0xFFFF, 0xFFFF, 0xFFFF, 0xFFDF, 0xFFFF, 0xBDF8,
  0x0000, 0xBDD7, 0xFFFF, 0xF7BF, 0xF7BE, 0xF7DF, 0xE73E, 0x2967, 0x6B8F, 0xEF7E, 0xFFFF, 0xF7FF,
  0x8C73, 0x2988, 0xEF7F, 0xF7FF, 0xFFFF, 0xDF3C, 0x1904, 0x9CF4, 0xEFBF, 0xF7DF, 0xEFBF, 0xEF9F,
  0x8431, 0x39E8, 0xE73D, 0xFFFF, 0xFFDF, 0xFFFF, 0xFFFF, 0xFFFF, 0xFFFF, 0xFFFF, 0xFFFF, 0xFFFF,
  0xFFFF, 0xFFFF, 0xFFFF, 0xFFFF, 0xFFFF, 0xFFFF, 0xFFFF, 0xFFFF, 0xFFFF, 0xFFFF, 0xFFFF, 0xFFFF,
  0xFFFF, 0xFFFF, 0xA537, 0x0004, 0x1108, 0x218A, 0x0024, 0xBE1A, 0xFFFF, 0xF7DF, 0xFFFF, 0xFFFF,
  0xFFFF, 0xFFFF, 0xF7FF, 0xF7FF, 0xFFFF, 0xFFFF, 0xFFFF, 0xFFFF, 0xFFFF, 0xF7FF, 0xF7FF, 0xF7FF,
  0xFFFF, 0xFFFF, 0xF7FF, 0xEF9F, 0xCEBD, 0x9D37, 0x31EB, 0x0025, 0x218B, 0x194A, 0x198B, 0x0045,
  0x5B2F, 0xF7BF, 0xFFFF, 0xF7DF, 0xFFFF, 0xFFFF, 0xFFFF, 0xFFFF, 0xFFDF, 0xF7BF, 0x8C74, 0x0024,
  0x1928, 0x2149, 0x29CB, 0x0025, 0x0886, 0x9D17, 0xDEFF, 0xEF9F, 0xFFFF, 0xFFDF, 0xFFFF, 0xF7BF,
  0xFFDF, 0xFFBE, 0xFFDF, 0xFFDF, 0xFF9E, 0xFFBF, 0xFFDF, 0xFFDF, 0xFFFF, 0xF7BF, 0xEF9F, 0xD6BD,
  0x8475, 0x0005, 0x10E9, 0x216B, 0x216B, 0x214A, 0x0004, 0x94F7, 0xF7DF, 0xFFFF, 0xF7DE, 0xFFFF,
  0xFFFF, 0xFFFF, 0xFFFF, 0xFFFF, 0xFFFF, 0xB61A, 0x00C8, 0x118C, 0x00EA, 0x090A, 0x216B, 0x0046,
  0x4A4D, 0xBE1A, 0xFFFF, 0xF7FF, 0xFFFF, 0xFFFF, 0xFFFF, 0xFFFF, 0xFFFF, 0xFFFF, 0xFFFF, 0xFFFF,
  0xFFFF, 0xFFFF, 0xFFFF, 0xFFFF, 0xFFFF, 0xFFFF, 0xFFFF, 0xFFFF, 0xFFFF, 0xFFFF, 0xFFFF, 0xFFFF,
  0xFFFF, 0xFFFF, 0xFFFF, 0xFFFF, 0xFFBF, 0xFFBF, 0x5B30, 0x0046, 0x19AC, 0x092A, 0x2169, 0xA537,
  0xFFFF, 0xFFFF, 0xFFFF, 0xFFFF, 0xFFFF, 0xFFDF, 0xFFFF, 0x9CF5, 0x0023, 0x298A, 0x218A, 0x08A7,
  0x216A, 0x8434, 0xE75F, 0xFFFF, 0xFFFF, 0xFFFF, 0xFFDF, 0xFFBF, 0xFFFF, 0xFFFF, 0xFFFF, 0xFFDE,
  0xFFDF, 0xFFFF, 0xFFFF, 0xFFFF, 0xFFDF, 0xFFDF, 0xFFFF, 0xFFFF, 0xFFFF, 0xF7FF, 0xD6BD, 0x94B6,
  0x4A8F, 0x0025, 0x1909, 0x31CB, 0x0064, 0x636E, 0xE75D, 0xFFFF, 0xFFFF, 0xFFFF, 0xFFFF, 0xFFFF,
  0xFFFF, 0xFFFF, 0xFFFF, 0xFFFF, 0xFFFF, 0xFFFF, 0xFFFF, 0xFFFF, 0xFFFF, 0xFFFF, 0xC638, 0x0000,
  0xB5B7, 0xFFDF, 0xF79E, 0xF7BF, 0xF7DF, 0xEF7E, 0x31C8, 0x6B6F, 0xEF9F, 0xFFFF, 0xF7DF, 0xFFFF,
  0x8C94, 0x2127, 0xF7BF, 0xFFFF, 0xEFBE, 0xFFFF, 0xE75D, 0x1925, 0x9514, 0xF7DF, 0xEF9F, 0xEFBF,
  0xF7FF, 0x8431, 0x4A8A, 0xDEFC, 0xFFDF, 0xFFFF, 0xFFFF, 0xFFDF, 0xFFFF, 0xFFFF, 0xFFFF, 0xFFFF,
  0xFFFF, 0xFFFF, 0xFFFF, 0xFFFF, 0xFFFF, 0xFFFF, 0xFFFF, 0xFFFF, 0xFFDF, 0xFFFF, 0xFFFF, 0xFFFE,
  0xFFFF, 0xFFDF, 0xA538, 0x0025, 0x1109, 0x218A, 0x0003, 0xBE1A, 0xFFFF, 0xF7BE, 0xFFDF, 0xFFDE,
  0xFFDF, 0xF7DF, 0xF7DF, 0xF7DF, 0xF7DF, 0xF7DF, 0xFFDE, 0xFFDE, 0xFFBF, 0xF7BF, 0xFFDF, 0xF7DF,
  0xF7BF, 0xFFDF, 0xFFDF, 0xFFDF, 0xFFFF, 0xFFFF, 0xE73E, 0x73F2, 0x0025, 0x21AC, 0x110A, 0x194B,
  0x10C7, 0x94D7, 0xF7DF, 0xFFFF, 0xF7FF, 0xFFFF, 0xFFFF, 0xFFFF, 0xFFFF, 0x8C74, 0x0024, 0x1908,
  0x2128, 0x298A, 0x0023, 0x6BB0, 0xD6FC, 0xF7FF, 0xFFFF, 0xFFFF, 0xF7BF, 0xFFDF, 0xF79E, 0xFFFF,
  0xFFDF, 0xFFDF, 0xFFDF, 0xFFDF, 0xFFDF, 0xFFFF, 0xFFDF, 0xFFDF, 0xFFDF, 0xFFDF, 0xFFDF, 0xF7DF,
  0xF7FF, 0xBE3A, 0x2168, 0x0025, 0x218B, 0x192A, 0x192A, 0x216A, 0xAD99, 0xF7DF, 0xFFFF, 0xFFFF,
  0xFFFF, 0xFFFF, 0xFFFF, 0xFFFF, 0xFFFF, 0xB61A, 0x00E7, 0x096B, 0x012A, 0x090A, 0x192B, 0x296B,
  0x0025, 0x31AA, 0xB5B9, 0xF7DF, 0xFFFF, 0xFFFF, 0xFFFF, 0xFFFF, 0xFFFF, 0xFFFF, 0xFFFF, 0xFFFF,
  0xFFFF, 0xFFFF, 0xFFFF, 0xFFFF, 0xFFFF, 0xFFFF, 0xFFFF, 0xFFFF, 0xFFFF, 0xFFFF, 0xFFFF, 0xFFFF,
  0xFFFF, 0xFFFF, 0xFFFF, 0xFFFF, 0xFFDF, 0xFFDF, 0x6351, 0x0066, 0x19AC, 0x092A, 0x2169, 0xA578,
  0xFFDF, 0xFFDF, 0xFFFF, 0xFFFF, 0xFFDF, 0xFFFF, 0xCE7B, 0x31EB, 0x10E8, 0x216A, 0x10E8, 0x2169,
  0xAD78, 0xFFFF, 0xFFDF, 0xFFFF, 0xFFFF, 0xFFFF, 0xFFFF, 0xFFFF, 0xFFFF, 0xFFFF, 0xFFFF, 0xFFFF,
  0xFFFF, 0xFFFF, 0xFFDF, 0xFFFF, 0xFFFF, 0xFFFF, 0xFFFF, 0xFFDF, 0xFFFF, 0xFFFF, 0xFFFF, 0xFFDF,
  0xDEFE, 0x8413, 0x2148, 0x0023, 0x73D1, 0xDEDC, 0xFFFF, 0xFFFF, 0xFFFF, 0xFFDF, 0xFFFF, 0xFFFF,
  0xFFFF, 0xFFFF, 0xFFFF, 0xFFFF, 0xFFFF, 0xFFFF, 0xFFFF, 0xFFFF, 0xFFFF, 0xCE59, 0x0000, 0xB5D7,
  0xFFFF, 0xF7BF, 0xF79E, 0xF7DF, 0xE75D, 0x2145, 0x634E, 0xEF9F, 0xF7DF, 0xEFBF, 0xF7FF, 0xFFFF,
  0x8433, 0x18C6, 0xEF9F, 0xFFFF, 0xFFFF, 0xF7DF, 0xF7FF, 0xDF3D, 0x10E4, 0x94F4, 0xF7DF, 0xEFBF,
  0xF7DF, 0xF7BF, 0x8C92, 0x2986, 0xDEFC, 0xFFDF, 0xFFFF, 0xFFFF, 0xFFFF, 0xFFFF, 0xFFFF, 0xFFFF,
  0xFFFF, 0xFFFF, 0xFFFF, 0xFFFF, 0xFFFF, 0xFFFF, 0xFFFF, 0xFFFF, 0xFFFF, 0xFFFF, 0xFFFF, 0xFFFF,
  0xFFFF, 0xFFFF, 0xA538, 0x0025, 0x1109, 0x218A, 0x0003, 0xBE1A, 0xFFFF, 0xFFBF, 0xFFDE, 0xFFDE,
  0xFFDF, 0xFFDF, 0xFFDF, 0xFFDF, 0xFFFF, 0xFFDF, 0xFFDE, 0xFFDE, 0xFFDF, 0xFFDF, 0xFFFF, 0xFFDF,
  0xFFDF, 0xFFFF, 0xFFDF, 0xFFDF, 0xFFBE, 0xF79E, 0xFFFF, 0xF7BF, 0x7C33, 0x0025, 0x21CD, 0x196C,
  0x0026, 0x5B10, 0xEF7F, 0xF7DF, 0xFFFF, 0xFFFE, 0xFFFF, 0xFFFF, 0xB599, 0x1086, 0x18E8, 0x2129,
  0x298A, 0x0002, 0x9515, 0xEFBE, 0xF7FF, 0xF7DE, 0xF7DE, 0xF7BE, 0xFFFF, 0xFFFF, 0xFFFF, 0xFFFF,
  0xFFFF, 0xFFDF, 0xFFDF, 0xFFFF, 0xFFFF, 0xFFDF, 0xFFDF, 0xFFFF, 0xFFFF, 0xFFFE, 0xFFFF, 0xF7DE,
  0xEFBE, 0xF7FF, 0xCEDC, 0x4ACE, 0x0025, 0x29AC, 0x194A, 0x0067, 0x3A2C, 0xD6DE, 0xFFFF, 0xFFFF,
  0xFFFF, 0xFFFF, 0xFFFF, 0xFFFF, 0xFFFF, 0xB61A, 0x00E7, 0x096A, 0x092A, 0x090A, 0x0047, 0x10E9,
  0x214B, 0x0866, 0x2169, 0xA557, 0xFFFF, 0xFFFF, 0xFFFF, 0xFFFF, 0xFFFF, 0xFFFF, 0xFFFF, 0xFFFF,
  0xFFFF, 0xFFFF, 0xFFFF, 0xFFFF, 0xFFFF, 0xFFFF, 0xFFFF, 0xFFFF, 0xFFFF, 0xFFFF, 0xFFFF, 0xFFFF,
  0xFFFF, 0xFFFF, 0xFFFF, 0xFFFF, 0xFFDF, 0xF79F, 0x5B30, 0x0046, 0x198C, 0x0909, 0x2169, 0xA537,
  0xFFDF, 0xFFDF, 0xFFFF, 0xFFFF, 0xFFFF, 0xFFFF, 0x73D2, 0x0066, 0x216B, 0x194A, 0x0045, 0x8CB5,
  0xFFFF, 0xFFFF, 0xFFFF, 0xFFFF, 0xFFFF, 0xFFDF, 0xFFFF, 0xFFFF, 0xFFFF, 0xFFFF, 0xFFFF, 0xFFFF,
  0xFFFF, 0xFFFF, 0xFFFF, 0xFFFF, 0xFFFF, 0xFFFF, 0xFFFF, 0xFFFF, 0xFFDF, 0xFFFF, 0xFFBF, 0xFFFF,
  0xFFDF, 0xFFFF, 0xAD77, 0x7BF1, 0xEF7E, 0xFFFF, 0xFFFF, 0xFFDF, 0xFFDF, 0xFFFF, 0xFFBF, 0xFFDF,
  0xFFFF, 0xFFFF, 0xFFFF, 0xFFFF, 0xFFFF, 0xFFFF, 0xFFFF, 0xFFFF, 0xCE7A, 0x0021, 0xAD96, 0xFFFF,
  0xF7DF, 0xF7BF, 0xFFDF, 0xE75E, 0x10C4, 0x7C10, 0xF7DF, 0xF7DF, 0xF7BF, 0xFFFF, 0xF7DF, 0xFFFF,
  0x8454, 0x1085, 0xEF7F, 0xFFFF, 0xF7DF, 0xFFFF, 0xEFBE, 0xFFFF, 0xDF1D, 0x18E4, 0xA556, 0xF7FF,
  0xEF7E, 0xF7BF, 0xFFDF, 0x94B3, 0x18E4, 0xCE9B, 0xFFFF, 0xFFDF, 0xFFFF, 0xFFFF, 0xFFFF, 0xFFFE,
  0xFFFF, 0xFFFF, 0xFFFF, 0xFFFF, 0xFFFF, 0xFFFF, 0xFFFF, 0xFFFF, 0xFFFF, 0xFFFF, 0xFFFF, 0xFFFF,
  0xFFFF, 0xFFFF, 0xA538, 0x0024, 0x1929, 0x216A, 0x0002, 0xC639, 0xFFDF, 0xFFBF, 0xFFDF, 0xFFDF,
  0xFFDF, 0xFFDF, 0xFFDF, 0xFFDF, 0xFFDF, 0xFFDF, 0xFFDE, 0xFFDE, 0xFFDF, 0xFFDF, 0xFFDF, 0xFFDF,
  0xFFDF, 0xFFDF, 0xFFDF, 0xFFDF, 0xFFBF, 0xFFFF, 0xF7BE, 0xFFFF, 0xDF1E, 0x08E7, 0x112A, 0x198C,
  0x10E9, 0x3A0C, 0xCE7C, 0xFFFF, 0xFFDF, 0xF7DE, 0xFFFF, 0xDF3D, 0x4A8E, 0x0887, 0x212A, 0x318A,
  0x0003, 0x9D36, 0xF7DF, 0xEFBE, 0xF7DE, 0xFFDE, 0xFFFF, 0xFFDF, 0xFFDF, 0xFFDF, 0xFFDF, 0xFFDF,
  0xFFDF, 0xFFDF, 0xFFFF, 0xFFDF, 0xFFFF, 0xFFFF, 0xFFFF, 0xFFDE, 0xFFFE, 0xFFDE, 0xFFFF, 0xFFFF,
  0xEFBF, 0xF7DF, 0xF7DF, 0xE73E, 0x426D, 0x0887, 0x194A, 0x21AC, 0x0046, 0x8475, 0xF7FF, 0xFFFF,
  0xFFFF, 0xFFFF, 0xFFFF, 0xFFFF, 0xFFDF, 0xBE3B, 0x00C8, 0x096B, 0x090A, 0x110A, 0x4ACF, 0x08C7,
  0x08A7, 0x216B, 0x0087, 0x1108, 0x8C95, 0xFFFF, 0xFFFF, 0xF7BE, 0xFFFF, 0xFFDE, 0xFFFF, 0xFFDF,
  0xFFFF, 0xFFDF, 0xFFFF, 0xFFFF, 0xFFFF, 0xFFFF, 0xFFDF, 0xFFFF, 0xFFFF, 0xFFFF, 0xFFFF, 0xFFFF,
  0xFFFF, 0xFFFF, 0xFFFF, 0xFFFF, 0xFFFF, 0xF79F, 0x6331, 0x0046, 0x198B, 0x112A, 0x1969, 0xA558,
  0xFFDF, 0xFFDF, 0xFFFF, 0xF7DE, 0xFFFF, 0xE77F, 0x428D, 0x10C8, 0x214B, 0x0026, 0x4A8E, 0xE75F,
  0xFFFF, 0xF7DF, 0xFFFF, 0xFFFF, 0xFFFF, 0xFFFF, 0xFFFF, 0xFFFF, 0xFFFF, 0xFFFF, 0xFFFF, 0xFFFF,
  0xFFFF, 0xFFFF, 0xFFFF, 0xFFFF, 0xFFFF, 0xFFFF, 0xFFFF, 0xFFFF, 0xFFFF, 0xFFFF, 0xFFFF, 0xFFFF,
  0xFFDF, 0xFFDF, 0xFFFF, 0xFFFF, 0xFFFF, 0xFFFF, 0xFFFF, 0xFFFF, 0xFFFF, 0xFFFF, 0xFFFF, 0xFFFF,
  0xFFFF, 0xFFFF, 0xFFFF, 0xFFDE, 0xFFFF, 0xFFFF, 0xFFDF, 0xCE7B, 0x0022, 0xA535, 0xFFFF, 0xF7DF,
  0xEF9E, 0xF7DF, 0xE75E, 0x1905, 0x73D0, 0xAD97, 0xEF9E, 0xFFFF, 0xF7BF, 0xFFFF, 0xFFFF, 0xFFFF,
  0x8C54, 0x0003, 0xEF7F, 0xFFFF, 0xF7DF, 0xFFFF, 0xFFFF, 0xEF9E, 0xFFFF, 0xDEFD, 0x0021, 0xA555,
  0xFFFF, 0xF7BF, 0xEF9E, 0xFFFF, 0x9D15, 0x0022, 0xD6DC, 0xFFFF, 0xFFDF, 0xFFFF, 0xFFFF, 0xFFFF,
  0xFFFF, 0xFFFF, 0xFFFF, 0xFFFF, 0xFFFF, 0xFFFF, 0xFFFF, 0xFFFF, 0xFFFF, 0xFFFF, 0xFFFF, 0xFFFF,
  0xFFFF, 0xFFFF, 0xA538, 0x0024, 0x1929, 0x218A, 0x0002, 0xC639, 0xFFDF, 0xFFBF, 0xFFDF, 0xFFDF,
  0xFFDF, 0xFFDF, 0xFFDF, 0xFFDF, 0xFFDF, 0xFFDF, 0xFFDF, 0xFFDF, 0xFFDF, 0xFFDF, 0xFFDE, 0xFFDE,
  0xF7FE, 0xF7DF, 0xFFDF, 0xFFDF, 0xFFDF, 0xFFDF, 0xFFFF, 0xF7DF, 0xEFDF, 0x8474, 0x0045, 0x21AC,
  0x1129, 0x08A6, 0xAD58, 0xF79F, 0xFFFF, 0xFFFF, 0xFFFF, 0x8452, 0x0025, 0x212A, 0x298B, 0x0003,
  0x8C94, 0xF7DF, 0xEFBE, 0xF7DF, 0xFFDE, 0xFFDF, 0xFFFF, 0xFFFF, 0xFFFF, 0xFFFF, 0xFFFF, 0xFFFF,
  0xFFFF, 0xF7BE, 0xFFFF, 0xFFDF, 0xFFDF, 0xFFDF, 0xFFDE, 0xFFFF, 0xFFFF, 0xFFDE, 0xFFDF, 0xFFFF,
  0xFFFF, 0xF7DF, 0xF7BF, 0xF7DF, 0xCE9C, 0x08A6, 0x194A, 0x110A, 0x10EA, 0x29AB, 0xBE3A, 0xF7FF,
  0xFFFF, 0xFFFF, 0xFFFF, 0xFFFF, 0xFFFF, 0xBE1B, 0x00C8, 0x118B, 0x08E9, 0x1129, 0xC67D, 0x9D37,
  0x08A6, 0x08A7, 0x218B, 0x08E8, 0x0065, 0x7C12, 0xF7BF, 0xFFFF, 0xFFDF, 0xFFFF, 0xFFFF, 0xFFFF,
  0xFFFF, 0xFFFF, 0xFFFF, 0xFFFF, 0xFFDF, 0xFFFF, 0xFFFF, 0xFFFF, 0xFFFF, 0xFFFF, 0xFFFF, 0xFFFF,
  0xFFFF, 0xFFFF, 0xFFFF, 0xFFFF, 0xFFFF, 0xF7BF, 0x6331, 0x0046, 0x198B, 0x112A, 0x1969, 0xA558,
  0xFFFF, 0xFFFF, 0xF7DE, 0xFFFF, 0xF7FF, 0xC67C, 0x3A0C, 0x10C9, 0x298C, 0x0046, 0x73D2, 0xFFFF,
  0xF7DF, 0xFFFF, 0xFFFF, 0xFFFF, 0xFFFF, 0xFFFF, 0xFFFF, 0xFFFF, 0xFFFF, 0xFFFF, 0xFFFF, 0xFFFF,
  0xFFFF, 0xFFFF, 0xFFFF, 0xFFFF, 0xFFFF, 0xFFFF, 0xFFFF, 0xFFFF, 0xFFFF, 0xFFFF, 0xFFFF, 0xFFFF,
  0xFFFF, 0xFFFF, 0xFFFF, 0xFFFF, 0xFFFF, 0xFFFF, 0xFFFF, 0xFFFF, 0xFFFF, 0xFFFF, 0xFFFF, 0xFFFF,
  0xFFFF, 0xFFFF, 0xFFFF, 0xFFFF, 0xFFFF, 0xFFFF, 0xCE5A, 0x0001, 0xAD76, 0xFFFF, 0xF7BF, 0xF7DE,
  0xF7DF, 0xEF7E, 0x0021, 0x7C11, 0xFFFF, 0xDEDC, 0x8451, 0xEF7E, 0xFFDF, 0xF7BF, 0xFFFF, 0xFFDF,
  0x8C54, 0x0864, 0xEF7E, 0xF7DF, 0xFFFF, 0xFFFF, 0xF79E, 0xFFFF, 0xEF7E, 0x8472, 0xBDF8, 0x4AAB,
  0x94F3, 0xF7DF, 0xEFBF, 0xF7DF, 0xFFFF, 0xA556, 0x10C4, 0xCE9B, 0xFFFF, 0xF7DF, 0xFFFF, 0xFFFF,
  0xFFFF, 0xFFFF, 0xFFFF, 0xFFFF, 0xFFFF, 0xFFFF, 0xFFFF, 0xFFFF, 0xFFFF, 0xFFFF, 0xFFFF, 0xFFFF,
  0xFFFF, 0xFFFF, 0xA538, 0x0025, 0x1949, 0x218A, 0x0003, 0xC63A, 0xFFDF, 0xFFBF, 0xFFDF, 0xFFDF,
  0xFFDF, 0xFFDF, 0xFFDF, 0xFFDF, 0xFFDF, 0xFFDF, 0xFFDF, 0xFFDF, 0xFFDF, 0xFFDF, 0xFFDF, 0xFFDE,
  0xF7FE, 0xF7FF, 0xF7DF, 0xFFDF, 0xFFDF, 0xFFDF, 0xFFDF, 0xFFFF, 0xF7DF, 0xA578, 0x0045, 0x21AB,
  0x218B, 0x0046, 0x9D17, 0xFFFF, 0xFFFF, 0xFFFF, 0xD6DC, 0x424B, 0x08A7, 0x216B, 0x0045, 0x528D,
  0xEF9F, 0xF7FF, 0xFFFF, 0xF7BE, 0xFFDF, 0xFFDF, 0xFFDF, 0xFFFF, 0xFFFF, 0xFFFF, 0xFFFF, 0xFFFF,
  0xFFDF, 0xFFFF, 0xFFDF, 0xFFFF, 0xFFDF, 0xFFFF, 0xFFDE, 0xFFDE, 0xFFDE, 0xFFFF, 0xFFDF, 0xF7DF,
  0xFFFF, 0xFFDF, 0xFFDF, 0xFFFF, 0xFFFF, 0xADB9, 0x0004, 0x29AC, 0x192B, 0x0087, 0x6BB1, 0xF7FF,
  0xFFFF, 0xFFFF, 0xFFFF, 0xFFFF, 0xFFFF, 0xBE1B, 0x00C8, 0x19AC, 0x0087, 0x3A2D, 0xD6FE, 0xF7FF,
  0xA599, 0x29CA, 0x0045, 0x29AB, 0x1108, 0x0045, 0x73B1, 0xEF9F, 0xFFFF, 0xFFDF, 0xFFFF, 0xFFDF,
  0xFFBF, 0xFFFF, 0xFFFF, 0xFFFF, 0xFFFF, 0xFFDE, 0xFFFF, 0xFFFF, 0xFFFF, 0xFFFF, 0xFFFF, 0xFFFF,
  0xFFFF, 0xFFFF, 0xFFFF, 0xFFFF, 0xFFFF, 0xF7BF, 0x6351, 0x0046, 0x198B, 0x0929, 0x1969, 0xA558,
  0xFFFF, 0xFFDF, 0xFFFF, 0xF7DF, 0xF7FF, 0xC67C, 0x216A, 0x1909, 0x218B, 0x0004, 0x8473, 0xF7FF,
  0xFFFF, 0xFFFF, 0xFFDF, 0xFFDF, 0xFFDF, 0xFFFF, 0xFFFF, 0xFFFF, 0xFFFF, 0xFFFF, 0xFFFF, 0xFFFF,
  0xFFFF, 0xFFFF, 0xFFFF, 0xFFFF, 0xFFFF, 0xFFFF, 0xFFFF, 0xFFFF, 0xFFFF, 0xFFFF, 0xFFFF, 0xFFFF,
  0xFFFF, 0xFFFF, 0xFFFF, 0xFFFF, 0xFFFF, 0xFFFF, 0xFFFF, 0xFFFF, 0xFFFF, 0xFFFF, 0xFFFF, 0xFFFF,
  0xFFFF, 0xFFFF, 0xFFFF, 0xFFFF, 0xFFDF, 0xC639, 0x0021, 0xAD76, 0xFFFF, 0xF7BF, 0xF7DF, 0xF7FF,
  0xE75D, 0x2145, 0x7C11, 0xF7DF, 0xF7BF, 0xFFFF, 0xD6DB, 0x9493, 0xFFBF, 0xF7BF, 0xF7BE, 0xFFFF,
  0x8433, 0x0023, 0xE73D, 0xFFFF, 0xF7DF, 0xEF9E, 0xFFDF, 0xDEFC, 0x73D0, 0xCEBB, 0xFFFF, 0xE75D,
  0x3A28, 0xA555, 0xF7DF, 0xEFBF, 0xEF9F, 0xF7DF, 0xAD97, 0x10C4, 0xC65A, 0xFFFF, 0xF7FF, 0xFFFF,
  0xFFFF, 0xFFFF, 0xFFFF, 0xFFFF, 0xFFFF, 0xFFFF, 0xFFFF, 0xFFFF, 0xFFFF, 0xFFFF, 0xFFFF, 0xFFFF,
  0xFFFF, 0xFFFF, 0xA538, 0x0025, 0x192A, 0x218A, 0x0003, 0xC63A, 0xFFDF, 0xFFBF, 0xFFBF, 0xFFDF,
  0xFFDF, 0xFFDF, 0xFFDF, 0xFFDF, 0xFFDF, 0xFFDF, 0xFFDF, 0xFFDF, 0xFFDF, 0xFFDF, 0xFFDF, 0xFFDE,
  0xF7FE, 0xF7FF, 0xF7DF, 0xF7DF, 0xFFDF, 0xFFDF, 0xFFDF, 0xF7BF, 0xFFFF, 0xA557, 0x0025, 0x21AB,
  0x196B, 0x0066, 0x8C74, 0xFFFF, 0xF7FF, 0xFFFF, 0x8CB4, 0x0065, 0x214A, 0x298B, 0x0003, 0xCE7B,
  0xF7FF, 0xF7BF, 0xFFDF, 0xFFDF, 0xFFDF, 0xFFDF, 0xFFDF, 0xFFDF, 0xFFFF, 0xFFDF, 0xFFFF, 0xFFFF,
  0xFFFF, 0xEF7E, 0xDEDC, 0xFFDF, 0xFFDF, 0xFFFF, 0xFFDF, 0xFFFF, 0xFFDE, 0xFFFF, 0xFFFF, 0xFFDF,
  0xF7BF, 0xFFFF, 0xFFFF, 0xF7BF, 0xF79F, 0xE77F, 0x52EF, 0x0046, 0x298C, 0x08C8, 0x3A0C, 0xDEFE,
  0xFFFF, 0xFFFF, 0xFFFF, 0xFFFF, 0xFFFF, 0xBE1B, 0x00C8, 0x198B, 0x0087, 0x3A4D, 0xD6DD, 0xF7DF,
  0xF7DF, 0xC65C, 0x5AEE, 0x0044, 0x29AB, 0x218A, 0x0004, 0x632F, 0xE71E, 0xFFFF, 0xFFDF, 0xFFFF,
  0xFFFF, 0xFFFF, 0xFFFF, 0xFFFE, 0xFFFF, 0xFFFF, 0xFFFF, 0xFFFF, 0xFFFF, 0xFFFF, 0xFFFF, 0xFFFF,
  0xFFFF, 0xFFFF, 0xFFFF, 0xFFFF, 0xFFFF, 0xF7BF, 0x6351, 0x0026, 0x198B, 0x0929, 0x1969, 0xA558,
  0xFFFF, 0xFFBF, 0xFFFF, 0xFFFF, 0xFFFF, 0xD6DD, 0x3A0C, 0x08C8, 0x196A, 0x0085, 0x5B6F, 0xEFDF,
  0xF7FF, 0xFFFF, 0xFFFF, 0xFFDF, 0xFFFF, 0xFFFF, 0xFFFF, 0xFFFF, 0xFFFF, 0xFFFF, 0xFFFF, 0xFFFF,
  0xFFFF, 0xFFFF, 0xFFFF, 0xFFFF, 0xFFFF, 0xFFFF, 0xFFFF, 0xF7FF, 0xFFFF, 0xFFFF, 0xFFFF, 0xFFFF,
  0xFFFF, 0xFFFF, 0xFFFF, 0xFFFF, 0xFFFF, 0xFFFF, 0xFFFF, 0xFFFF, 0xFFFF, 0xFFFF, 0xFFFF, 0xFFFF,
  0xFFFF, 0xFFDF, 0xFFFF, 0xFFFF, 0xC659, 0x0000, 0xAD76, 0xF7DF, 0xF7BF, 0xEFBF, 0xF7FF, 0xE75C,
  0x2965, 0x8430, 0xFFFF, 0xF7DF, 0xF7BF, 0xF79E, 0xFFFF, 0xCE59, 0x9CB4, 0xFFBF, 0xFFDF, 0xFFFF,
  0x8C53, 0x0002, 0xEF7D, 0xF7DF, 0xF7BF, 0xFFFF, 0xD69B, 0x738F, 0xDEFC, 0xFFFF, 0xEF7E, 0xFFFF,
  0xEF7D, 0x4AAA, 0x9D14, 0xF7DF, 0xEF9F, 0xF7DF, 0xF7DF, 0xB5B8, 0x0022, 0xCE5A, 0xFFFF, 0xFFFF,
  0xFFFF, 0xFFFF, 0xFFFF, 0xFFFF, 0xFFFF, 0xFFFF, 0xFFFF, 0xFFFF, 0xFFFF, 0xFFFF, 0xFFFF, 0xFFFF,
  0xFFFF, 0xFFFF, 0xA538, 0x0025, 0x194A, 0x218A, 0x0003, 0xC639, 0xFFDF, 0xFFBF, 0xFFDF, 0xFFDF,
  0xFFDF, 0xF7FF, 0xFFDF, 0xFFDF, 0xFFDF, 0xFFDF, 0xFFDF, 0xFFDF, 0xFFDF, 0xFFDF, 0xFFDE, 0xFFFE,
  0xF7FE, 0xF7FF, 0xF7DF, 0xF7DF, 0xFFDF, 0xFFDF, 0xFFDF, 0xF7BF, 0xF7DF, 0x9D37, 0x0005, 0x21AC,
  0x194B, 0x00A8, 0x94F6, 0xF7FF, 0xF7FF, 0xEFBF, 0x5B2F, 0x0025, 0x29AC, 0x0025, 0x7390, 0xEF9F,
  0xF7BF, 0xFFFF, 0xFFFF, 0xFFBF, 0xFFDF, 0xFFDF, 0xFFDF, 0xFFFF, 0xFFFF, 0xFFFF, 0xFFFF, 0xFFDF,
  0xFFFF, 0xE71C, 0x9CF4, 0xFFFF, 0xFFDF, 0xFFDF, 0xFFFF, 0xFFFF, 0xFFFF, 0xFFDE, 0xFFFF, 0xFFFF,
  0xFFDE, 0xFFFE, 0xFFFF, 0xFFDE, 0xFFBF, 0xF7DF, 0xBE1A, 0x0004, 0x29AC, 0x110A, 0x08A7, 0x9D37,
  0xFFFF, 0xFFFF, 0xFFFF, 0xFFFF, 0xFFFF, 0xBDFA, 0x08E8, 0x196B, 0x0046, 0x3A2C, 0xD6BD, 0xFFFF,
  0xF7BF, 0xFFFF, 0xDF1E, 0x6BB1, 0x0024, 0x196A, 0x218B, 0x0025, 0x5AEF, 0xDEFE, 0xFFFF, 0xFFFF,
  0xFFFF, 0xFFFF, 0xFFFF, 0xFFFF, 0xFFFF, 0xFFFF, 0xFFFF, 0xFFFF, 0xFFFF, 0xFFFF, 0xFFFF, 0xFFFF,
  0xFFFF, 0xFFFF, 0xFFFF, 0xFFFF, 0xFFFF, 0xF7BF, 0x6351, 0x0026, 0x198B, 0x0929, 0x1969, 0xA558,
  0xFFFF, 0xFFBF, 0xFFFF, 0xFFDF, 0xFFFF, 0xE75E, 0x52CE, 0x0066, 0x192A, 0x1129, 0x00C6, 0xA5B8,
  0xF7FF, 0xF7DF, 0xFFFF, 0xFFBF, 0xFFFF, 0xFFFF, 0xFFFF, 0xFFFF, 0xFFFF, 0xFFFF, 0xFFFF, 0xFFFF,
  0xFFFF, 0xFFFF, 0xFFFF, 0xFFFF, 0xFFFF, 0xFFFF, 0xFFFF, 0xFFFF, 0xFFFF, 0xFFFF, 0xFFFF, 0xFFFF,
  0xFFFF, 0xFFFF, 0xFFFF, 0xFFFF, 0xFFFF, 0xFFFF, 0xFFFF, 0xFFFF, 0xFFFF, 0xFFFF, 0xFFFF, 0xFFFF,
  0xFFFF, 0xFFFF, 0xFFFF, 0xD6DB, 0x0861, 0x9D14, 0xF7DF, 0xF7BF, 0xEF9E, 0xFFFF, 0xEF9E, 0x2986,
  0x8C92, 0xF7DF, 0xF7BF, 0xF7DF, 0xFFFF, 0xFFDF, 0xF7BE, 0xFFFF, 0xCE5A, 0xA515, 0xF7BF, 0xFFFF,
  0x8C53, 0x0022, 0xE73C, 0xFFFF, 0xFFFF, 0xD69A, 0x73B0, 0xEF3E, 0xFFDF, 0xF7BF, 0xFFDF, 0xF7BE,
  0xFFFF, 0xEFBE, 0x73AE, 0x9D14, 0xFFFF, 0xF79F, 0xFFDF, 0xFFFF, 0xBDF9, 0x10C4, 0xDEFC, 0xFFDF,
  0xFFFF, 0xFFFF, 0xFFFF, 0xFFFF, 0xFFFF, 0xFFFF, 0xFFFF, 0xFFFF, 0xFFFF, 0xFFFF, 0xFFFF, 0xFFFF,
  0xFFFF, 0xFFFF, 0xA538, 0x0024, 0x1949, 0x218A, 0x0022, 0xC639, 0xFFDF, 0xFFBE, 0xFFDE, 0xFFDF,
  0xFFDE, 0xF7FE, 0xFFDF, 0xFFDF, 0xFFDF, 0xFFDF, 0xFFDF, 0xFFDF, 0xFFDF, 0xFFDE, 0xFFDE, 0xFFDE,
  0xFFDE, 0xFFDF, 0xFFDF, 0xFFDF, 0xFFDF, 0xFFDF, 0xF7DF, 0xFFFF, 0xF7BF, 0x7BF3, 0x0026, 0x218C,
  0x114B, 0x196B, 0x94F5, 0xF7FF, 0xF7FF, 0xC67B, 0x31EB, 0x10C8, 0x298B, 0x0024, 0xBDD9, 0xFFFF,
  0xF7DF, 0xF7BE, 0xFFDF, 0xFFDF, 0xFFDF, 0xFFDF, 0xFFFF, 0xFFFF, 0xFFFF, 0xFFFF, 0xFFFF, 0xFFDF,
  0xFFFF, 0xC659, 0x6B4E, 0xF7BF, 0xFFDF, 0xF7BF, 0xFFFF, 0xFFDF, 0xFFDF, 0xFFDF, 0xFFDF, 0xFFFF,
  0xFFFF, 0xFFDE, 0xFFDE, 0xFFFE, 0xFFDF, 0xF7DF, 0xE73E, 0x3A2B, 0x08C8, 0x218C, 0x0046, 0x6BB2,
  0xF7FF, 0xFFFF, 0xFFFF, 0xFFFF, 0xFFFF, 0xBDFA, 0x08E8, 0x196B, 0x08A7, 0x422C, 0xDEDC, 0xFFFF,
  0xFFDF, 0xFFFF, 0xFFFF, 0xF7BF, 0x7C33, 0x0065, 0x1949, 0x298B, 0x0045, 0x52CF, 0xCE9B, 0xFFFF,
  0xFFFF, 0xFFDF, 0xFFFF, 0xFFFF, 0xFFDF, 0xFFDF, 0xFFDF, 0xFFFF, 0xFFFF, 0xFFFF, 0xFFFF, 0xFFFF,
  0xFFFF, 0xFFFF, 0xFFFF, 0xFFFF, 0xFFFF, 0xF7BF, 0x6351, 0x0026, 0x198B, 0x0929, 0x1969, 0xA557,
  0xFFFF, 0xFFBF, 0xFFFF, 0xFFBE, 0xFFFF, 0xFFFF, 0x8C74, 0x0065, 0x218B, 0x112A, 0x08C8, 0x29CA,
  0xB63A, 0xF7FF, 0xFFFF, 0xFFFF, 0xFFFF, 0xFFFF, 0xFFDF, 0xFFDF, 0xFFFF, 0xFFFF, 0xFFFF, 0xFFDF,
  0xFFFF, 0xFFFF, 0xFFFF, 0xFFFF, 0xFFFF, 0xFFFF, 0xFFFF, 0xFFFF, 0xFFFF, 0xFFFF, 0xFFFF, 0xFFFF,
  0xFFFF, 0xFFFF, 0xFFFF, 0xFFFF, 0xFFFF, 0xFFFF, 0xFFFF, 0xFFFF, 0xFFFF, 0xFFFF, 0xFFFF, 0xFFFF,
  0xFFFF, 0xFFFF, 0xF7BE, 0x7C10, 0x73AF, 0xF7BF, 0xF7DF, 0xF7BF, 0xF7FF, 0xEF7E, 0x31C7, 0x8C92,
  0xF7DF, 0xEF9E, 0xF7DF, 0xFFFF, 0xF7DE, 0xFFFF, 0xF7DE, 0xF7BE, 0xFFFF, 0xB5D7, 0x9CF4, 0xFFFF,
  0x8453, 0x0022, 0xDF1C, 0xFFFF, 0xC658, 0x7BF0, 0xF79E, 0xFFDF, 0xF7BF, 0xF7BE, 0xFFDF, 0xFFFF,
  0xF7BD, 0xFFFE, 0xEF9D, 0x7BCF, 0x9CF3, 0xFFFF, 0xEF9E, 0xD6BB, 0xFFDF, 0xB5B7, 0x73CF, 0xF79E,
  0xFFFF, 0xFFFF, 0xFFFF, 0xFFFF, 0xFFFF, 0xFFFF, 0xFFFF, 0xFFFF, 0xFFFF, 0xFFFF, 0xFFFF, 0xFFFF,
  0xFFFF, 0xFFFF, 0xA538, 0x0024, 0x1949, 0x218A, 0x0022, 0xC639, 0xFFDF, 0xFFDE, 0xFFDE, 0xFFDF,
  0xFFDE, 0xF7FE, 0xFFDE, 0xFFDF, 0xFFDF, 0xFFDF, 0xFFDF, 0xFFDF, 0xFFDE, 0xFFDE, 0xFFDE, 0xFFDE,
  0xFFDF, 0xFFDF, 0xFFDF, 0xFFDF, 0xFFDF, 0xFFDF, 0xFFFF, 0xFFFF, 0xE77F, 0x3A2C, 0x0888, 0x216C,
  0x110A, 0x196A, 0xBE3A, 0xFFFF, 0xF7FF, 0xA578, 0x0045, 0x298B, 0x10E8, 0x2128, 0xE73D, 0xFFFF,
  0xFFFF, 0xFFDF, 0xFFFF, 0xFFFF, 0xFFDF, 0xFFDF, 0xFFDF, 0xFFDF, 0xFFFF, 0xFFFF, 0xFFFF, 0xFFDF,
  0xFFFF, 0xA555, 0x0001, 0xEF7E, 0xF7DF, 0xF7DF, 0xFFFF, 0xF7BF, 0xFFBF, 0xFFDF, 0xFFDF, 0xF7BF,
  0xFFDF, 0xFFDF, 0xFFDF, 0xFFDF, 0xFFBE, 0xFFDF, 0xF7FF, 0x7C52, 0x0045, 0x218B, 0x0066, 0x428D,
  0xE77F, 0xFFFF, 0xFFFF, 0xFFDF, 0xFFFF, 0xBDFA, 0x08C8, 0x198B, 0x0046, 0x4A4D, 0xDEBC, 0xFFDF,
  0xFFFF, 0xFFFF, 0xFFFF, 0xFFFF, 0xF7BF, 0x8C95, 0x0024, 0x10E8, 0x218B, 0x0045, 0x428D, 0xC65B,
  0xFFFF, 0xFFFF, 0xFFDF, 0xFFDF, 0xFFFF, 0xFFDF, 0xFFFF, 0xFFFF, 0xFFFF, 0xFFFF, 0xFFFF, 0xFFFF,
  0xFFFF, 0xFFFF, 0xFFFF, 0xFFFF, 0xFFDF, 0xF7BF, 0x6351, 0x0026, 0x198B, 0x0929, 0x2169, 0xA558,
  0xFFFF, 0xF7BF, 0xFFDF, 0xFFFF, 0xFFDF, 0xFFFF, 0xDF1D, 0x426C, 0x0066, 0x216C, 0x110B, 0x08A8,
  0x10E8, 0x8475, 0xCEBC, 0xF7DF, 0xF7FF, 0xFFFF, 0xFFFF, 0xFFFF, 0xFFFF, 0xFFFF, 0xFFFF, 0xFFFF,
  0xFFFF, 0xFFFF, 0xFFFF, 0xFFFF, 0xFFFF, 0xFFFF, 0xFFFF, 0xFFFF, 0xFFFF, 0xFFFF, 0xFFFF, 0xFFFF,
  0xFFFF, 0xFFFF, 0xFFFF, 0xFFFF, 0xFFFF, 0xFFFF, 0xFFFF, 0xFFFF, 0xFFFF, 0xFFFF, 0xFFFF, 0xFFFF,
  0xFFFF, 0xFFFF, 0xDF1C, 0x0041, 0xDEFC, 0xFFFF, 0xCE9B, 0xDEFC, 0xEF9E, 0x52CC, 0xA535, 0xFFFF,
  0xFFFF, 0xFFFF, 0xFFFF, 0xFFFF, 0xFFFF, 0xF7DF, 0xFFFF, 0xF7DF, 0xFFFF, 0xFFFF, 0xBDD8, 0xAD97,
  0x94D5, 0x0002, 0xDF3E, 0xC659, 0x8C92, 0xFFFF, 0xFFFF, 0xFFFF, 0xFFFF, 0xFFFF, 0xFFFF, 0xFFFF,
  0xFFFF, 0xFFFF, 0xFFFF, 0xF7FF, 0x8471, 0xB5F7, 0xBDF8, 0x4A6A, 0xA555, 0xFFFF, 0x7BF0, 0xAD96,
  0xFFFF, 0xFFFF, 0xFFFF, 0xFFFF, 0xFFFF, 0xFFFF, 0xFFFF, 0xFFFF, 0xFFFF, 0xFFFF, 0xFFFF, 0xFFFF,
  0xFFFF, 0xFFFF, 0xA538, 0x0024, 0x1949, 0x218A, 0x0022, 0xC63A, 0xFFDF, 0xFFDF, 0xFFDF, 0xFFDF,
  0xFFDE, 0xF7FE, 0xFFDE, 0xFFDF, 0xFFDF, 0xFFDF, 0xFFDF, 0xFFDF, 0xFFDE, 0xFFDE, 0xFFDF, 0xFFDF,
  0xFFDF, 0xFFDF, 0xFFDF, 0xFFDF, 0xFFDF, 0xFFFF, 0xF7DE, 0xFFFF, 0xB5F9, 0x0004, 0x29AD, 0x194C,
  0x08E9, 0x322C, 0xD6FD, 0xF7FF, 0xF7FF, 0x73F2, 0x08A7, 0x29AC, 0x0025, 0x73D1, 0xF7DF, 0xF7BE,
  0xFFFF, 0xFFDE, 0xFFDF, 0xFFDF, 0xFFDF, 0xFFDF, 0xFFDF, 0xFFDF, 0xFFDF, 0xFFDF, 0xFFDF, 0xF7DF,
  0xF7DF, 0x738E, 0x0021, 0xCE7A, 0xFFFF, 0xF7DF, 0xF7DF, 0xFFFF, 0xFFDF, 0xFFDF, 0xFFFF, 0xFFDF,
  0xFFDF, 0xFFFF, 0xFFDF, 0xFFDE, 0xFFDF, 0xFFDF, 0xFFFF, 0xB5D8, 0x0024, 0x29AB, 0x08C8, 0x322C,
  0xD6FD, 0xFFFF, 0xFFFF, 0xFFDF, 0xFFFF, 0xBDFA, 0x00A7, 0x198C, 0x0087, 0x422C, 0xDEDC, 0xFFFF,
  0xFFDF, 0xFFFF, 0xFFFF, 0xFFFF, 0xFFFF, 0xFFDF, 0xBE1A, 0x1927, 0x0086, 0x29CB, 0x0086, 0x1107,
  0xB5F9, 0xFFDF, 0xFFFF, 0xFFBF, 0xFFFF, 0xFFDF, 0xFFFF, 0xFFFF, 0xFFFF, 0xFFFF, 0xFFFF, 0xFFFF,
  0xFFFF, 0xFFFF, 0xFFFF, 0xFFFF, 0xFFDF, 0xF7BF, 0x6B51, 0x0045, 0x198B, 0x1129, 0x2169, 0xA558,
  0xFFFF, 0xFFDF, 0xFFFF, 0xFFDF, 0xFFFF, 0xFFFF, 0xFFFF, 0xB5F9, 0x0045, 0x0067, 0x216C, 0x192B,
  0x192A, 0x0025, 0x3A2C, 0x636F, 0x8473, 0x9D36, 0xBE3A, 0xD6DD, 0xE73E, 0xEF9F, 0xF7DF, 0xFFFF,
  0xFFFF, 0xFFFF, 0xFFFF, 0xFFFF, 0xFFFF, 0xFFFF, 0xFFFF, 0xFFFF, 0xFFFF, 0xFFFF, 0xFFFF, 0xFFFF,
  0xFFFF, 0xFFFF, 0xFFFF, 0xFFFF, 0xFFFF, 0xFFFF, 0xFFFF, 0xFFFF, 0xFFFF, 0xFFFF, 0xFFFF, 0xF7FF,
  0xFFFF, 0xFFFF, 0xAD97, 0x6B6E, 0xF7BF, 0xE75E, 0x10C4, 0x5B0D, 0x73D0, 0x4A6A, 0xD6DB, 0xD6BB,
  0xD6BB, 0xD6BB, 0xD6BB, 0xCE9A, 0xD6BB, 0xD6DC, 0xD6BB, 0xD6DC, 0xDEFD, 0xDEFD, 0xD6FD, 0x7C13,
  0x298A, 0x296A, 0x8434, 0x7C33, 0xDF1E, 0xDF3E, 0xD6FD, 0xDF1D, 0xDEFD, 0xDF1D, 0xD6FD, 0xDF1D,
  0xD6DC, 0xDF1D, 0xD6FC, 0xD6FC, 0xD6FD, 0x636E, 0x428B, 0xBE3A, 0x73D0, 0xCEBB, 0xCE9B, 0x73F0,
  0xFFFF, 0xFFFF, 0xFFFF, 0xFFFF, 0xFFFF, 0xFFFF, 0xFFFF, 0xFFFF, 0xFFFF, 0xFFFF, 0xFFFF, 0xFFFF,
  0xFFFF, 0xFFFF, 0xAD58, 0x0025, 0x1949, 0x21AA, 0x0003, 0xC61A, 0xFFDF, 0xFFDF, 0xFFDF, 0xFFDF,
  0xFFDE, 0xF7FF, 0xFFDF, 0xFFDF, 0xFFDF, 0xFFDF, 0xFFDF, 0xFFDF, 0xF7BE, 0xFFDF, 0xF7BE, 0xFFDF,
  0xFFFF, 0xFFDF, 0xFFBF, 0xFFBE, 0xFFDF, 0xF7BE, 0xFFFF, 0xE79E, 0x52EE, 0x0065, 0x198C, 0x196C,
  0x0087, 0x6391, 0xF7DF, 0xFFFF, 0xFFFF, 0x5B2F, 0x08A7, 0x29CC, 0x0024, 0x9D16, 0xFFFF, 0xFFFF,
  0xF7DE, 0xF7DE, 0xFFDF, 0xFFDF, 0xFFDF, 0xFFDE, 0xFFDF, 0xFFDF, 0xFFDF, 0xFFDF, 0xF7DE, 0xFFFF,
  0xD6BA, 0x0000, 0x0000, 0xA535, 0xFFFF, 0xF7BF, 0xF7DE, 0xF7DE, 0xFFFF, 0xFFFF, 0xF7DE, 0xFFFF,
  0xFFFF, 0xFFFF, 0xFFFF, 0xFFDF, 0xFFFF, 0xF7DF, 0xFFFF, 0xCE9B, 0x0024, 0x21AB, 0x0909, 0x29CB,
  0xB5F9, 0xFFFF, 0xFFDF, 0xFFFF, 0xFFFF, 0xBE1B, 0x00C8, 0x198C, 0x0067, 0x424D, 0xDEDD, 0xFFFF,
  0xFFFF, 0xFFFF, 0xFFFF, 0xFFFF, 0xFFDF, 0xFFDF, 0xFFFF, 0xBE5A, 0x3A6C, 0x0086, 0x29EC, 0x0086,
  0x31CB, 0xAD78, 0xFFFF, 0xFFDF, 0xFFFF, 0xFFDF, 0xFFFF, 0xFFFF, 0xFFFF, 0xFFFF, 0xFFFF, 0xFFFF,
  0xFFFF, 0xFFFF, 0xFFFF, 0xFFFF, 0xFFFF, 0xF7BF, 0x6350, 0x0025, 0x198B, 0x0929, 0x2169, 0xA557,
  0xFFFF, 0xFFDF, 0xFFFF, 0xFFFF, 0xFFFF, 0xFFFF, 0xFFFF, 0xFFFF, 0xB5B9, 0x2969, 0x0025, 0x18E9,
  0x214B, 0x29AC, 0x1109, 0x0066, 0x0045, 0x08C7, 0x1929, 0x31EC, 0x5B10, 0x73B3, 0x73B2, 0x8454,
  0x94B6, 0xA537, 0xB5B9, 0xC65B, 0xD6BC, 0xE73E, 0xF7BF, 0xFFFF, 0xFFDF, 0xFFFF, 0xFFFF, 0xFFFF,
  0xF7DE, 0xFFFF, 0xFFFF, 0xFFFF, 0xFFFF, 0xFFDF, 0xFFFF, 0xFFFF, 0xFFFF, 0xFFFF, 0xFFFF, 0xFFFF,
  0xFFFF, 0xF7DF, 0xAD97, 0x630D, 0xF7BF, 0xF7BF, 0xA556, 0x9CF4, 0x73D0, 0x4229, 0x7BF0, 0x636E,
  0x6B6E, 0x632D, 0x52AB, 0x52AB, 0x424A, 0x39E9, 0x39E9, 0x31A8, 0x31A8, 0x31C9, 0x10E6, 0x3A0B,
  0x18E8, 0x3A0D, 0x0025, 0x426D, 0x29A8, 0x2167, 0x31C8, 0x29A8, 0x2967, 0x29A8, 0x31C8, 0x31E9,
  0x3A09, 0x31E8, 0x3A29, 0x3A29, 0x5B0D, 0x7C52, 0x5B2E, 0x6B8F, 0x7411, 0xDF5E, 0xCE9B, 0x4A8B,
  0xFFFF, 0xFFFF, 0xFFFF, 0xFFFF, 0xFFFF, 0xFFFF, 0xFFFF, 0xFFFF, 0xFFFF, 0xFFFF, 0xFFFF, 0xFFFF,
  0xFFFF, 0xFFFF, 0xAD58, 0x0025, 0x1929, 0x216A, 0x0023, 0xC5F9, 0xFFFF, 0xFFBF, 0xFFDF, 0xFFDF,
  0xF7BE, 0xF7DE, 0xF7DE, 0xFFDF, 0xFFBF, 0xFFDF, 0xFFDF, 0xFFDF, 0xFFFF, 0xFFFF, 0xFFDF, 0xFFBF,
  0xFFBF, 0xFFBF, 0xFFBF, 0xFFDF, 0xF79E, 0xFFDF, 0xF7BF, 0x8CD4, 0x0044, 0x21AB, 0x112A, 0x196B,
  0x1108, 0xA577, 0xFFFF, 0xFFFF, 0xFFFF, 0x52AD, 0x10E8, 0x29AB, 0x0003, 0xB5B8, 0xF7DF, 0xF7BE,
  0xF7DF, 0xF7DF, 0xFFFF, 0xF7DE, 0xF7DE, 0xFFDE, 0xF7BE, 0xF7DF, 0xF7BF, 0xF7BE, 0xF7FF, 0xEFBD,
  0x8450, 0xB5B6, 0xB5B7, 0x3A08, 0xD6FC, 0xFFFF, 0xEFBE, 0xF7BE, 0xF7DE, 0xF7DE, 0xFFFE, 0xF7DE,
  0xF7DE, 0xF7BE, 0xFFFF, 0xFFFF, 0xF7DF, 0xF7BF, 0xFFFF, 0xD6FC, 0x1928, 0x10E9, 0x112A, 0x1128,
  0xAD98, 0xFFFF, 0xFFFF, 0xFFFF, 0xFFFF, 0xBDFB, 0x08C8, 0x198C, 0x0067, 0x424D, 0xDEDD, 0xFFFF,
  0xFFFF, 0xFFFF, 0xFFFF, 0xFFFF, 0xFFFF, 0xFFFF, 0xFFDF, 0xFFFF, 0xCEBC, 0x530F, 0x0045, 0x29AB,
  0x08A7, 0x0004, 0x94D5, 0xFFFF, 0xFFFF, 0xFFDF, 0xFFFF, 0xFFFF, 0xFFFF, 0xFFFF, 0xFFFF, 0xFFFF,
  0xFFFF, 0xFFFF, 0xFFFF, 0xFFFF, 0xFFFF, 0xF7BF, 0x6350, 0x0025, 0x198B, 0x0929, 0x2169, 0xA557,
  0xFFFF, 0xFFDF, 0xFFFF, 0xFFFF, 0xFFFF, 0xFFFF, 0xFFFF, 0xFFFF, 0xFFDF, 0xD6BC, 0x6B91, 0x31AB,
  0x10C8, 0x0046, 0x194A, 0x21AC, 0x29CC, 0x216B, 0x192A, 0x08A8, 0x0047, 0x0026, 0x0026, 0x0025,
  0x0025, 0x10A7, 0x2128, 0x298A, 0x422C, 0x4A8D, 0x5B2F, 0x73F2, 0x94F5, 0xBDF9, 0xDF1D, 0xF7DF,
  0xFFFF, 0xF7FF, 0xFFFF, 0xF7DF, 0xFFFF, 0xFFFF, 0xFFDF, 0xFFFF, 0xFFFF, 0xFFDF, 0xFFFF, 0xFFFF,
  0xF7DF, 0xEF9E, 0xD6BB, 0x0042, 0xD6DC, 0xF7DF, 0xF7BF, 0xFFFF, 0xE75D, 0x31C8, 0xD6DC, 0xFFFF,
  0xF7BF, 0xEF9F, 0xF7DF, 0xEF9E, 0xEF7E, 0xEF9F, 0xEF9F, 0xE75D, 0xE75E, 0xE75E, 0xEF9F, 0xAD99,
  0x0025, 0x29AB, 0x0886, 0xB5FA, 0xE75E, 0xD71C, 0xE75D, 0xE77E, 0xEF7E, 0xE75E, 0xEF9F, 0xE73D,
  0xE77E, 0xE77E, 0xE75E, 0xEF9E, 0xE77E, 0x94F4, 0xDF3D, 0xEFBF, 0xEFBE, 0xF7FF, 0x9D14, 0x7C30,
  0xFFFF, 0xFFFF, 0xFFFF, 0xFFFF, 0xFFFF, 0xFFFF, 0xFFFF, 0xFFFF, 0xFFFF, 0xFFFF, 0xFFFF, 0xFFFF,
  0xFFFF, 0xFFFF, 0xAD58, 0x0025, 0x1949, 0x29AA, 0x0002, 0xC63A, 0xFFFF, 0xFFBF, 0xFFDF, 0xF7DF,
  0xFFFF, 0xFFFF, 0xFFFF, 0xFFDF, 0xFFDF, 0xFFDF, 0xFFDF, 0xFFDF, 0xFFFF, 0xF7DF, 0xF7DF, 0xF7BF,
  0xF7BF, 0xFFBF, 0xFFBF, 0xFFBF, 0xFFDF, 0xF7DF, 0x9D37, 0x0003, 0x218A, 0x0909, 0x198B, 0x0066,
  0x5B50, 0xEF9F, 0xFFFF, 0xFFFF, 0xFFFF, 0x4A6C, 0x1128, 0x218A, 0x0023, 0xBE3A, 0xFFFF, 0xFFFF,
  0xFFFF, 0xF7DF, 0xFFFF, 0xFFFF, 0xFFFF, 0xFFFF, 0xFFFF, 0xFFFF, 0xFFFF, 0xFFFF, 0xFFFF, 0xCE99,
  0xCE79, 0xFFFF, 0xF7DF, 0xDEFC, 0x8431, 0xCE9A, 0xF7DF, 0xF7FF, 0xFFFF, 0xFFFF, 0xFFFF, 0xFFFF,
  0xFFFF, 0xFFFF, 0xF7DF, 0xFFFF, 0xFFFF, 0xF7DF, 0xFFDF, 0xE75E, 0x424D, 0x0088, 0x19AC, 0x08E8,
  0x9D37, 0xFFFF, 0xFFFF, 0xFFFF, 0xFFFF, 0xBDFA, 0x08E8, 0x198C, 0x0067, 0x424D, 0xDEDE, 0xFFFF,
  0xFFFF, 0xFFFF, 0xFFFF, 0xFFFF, 0xFFDF, 0xFFDF, 0xFFDF, 0xFFDF, 0xF7FF, 0xE75F, 0x6371, 0x0066,
  0x218B, 0x1949, 0x0024, 0x8453, 0xF7FF, 0xFFFF, 0xFFFF, 0xFFFF, 0xFFFF, 0xFFFF, 0xFFFF, 0xFFFF,
  0xFFFF, 0xFFFF, 0xFFDF, 0xFFDF, 0xFFFF, 0xF7BF, 0x6331, 0x0025, 0x198B, 0x0909, 0x2169, 0xA557,
  0xFFFF, 0xFFFF, 0xFFFF, 0xFFFF, 0xFFFF, 0xFFFF, 0xFFFF, 0xFFFF, 0xFFFF, 0xFFFF, 0xF79F, 0xBE1A,
  0x7BF2, 0x4AAE, 0x29CB, 0x00A7, 0x0046, 0x0047, 0x10C9, 0x190A, 0x298C, 0x298C, 0x31CC, 0x216B,
  0x216B, 0x29AC, 0x218B, 0x216A, 0x194A, 0x08A7, 0x0046, 0x0066, 0x0045, 0x298A, 0x426D, 0x5B2F,
  0x8CD5, 0xCEBC, 0xF7FF, 0xF7FF, 0xFFFF, 0xFFFF, 0xFFDF, 0xFFFF, 0xFFDF, 0xFFDF, 0xFFDF, 0xFFDF,
  0xF7DF, 0xEF7E, 0xE75E, 0x7BF1, 0x73B0, 0xF7BF, 0xEF9F, 0xEFBF, 0xFFFF, 0xBE19, 0x4229, 0xE73D,
  0xFFFF, 0xF7BF, 0xFFDF, 0xFFFF, 0xFFFF, 0xFFFF, 0xF7DF, 0xF7FF, 0xF7FF, 0xF7FF, 0xF7DF, 0x634F,
  0x0886, 0x1908, 0x73B2, 0x7C32, 0xEF9F, 0xFFFF, 0xF7BE, 0xFFFF, 0xFFFF, 0xFFFF, 0xF7DF, 0xFFFF,
  0xFFFF, 0xF7DF, 0xF7FF, 0xF7DF, 0x73EF, 0xA555, 0xF7FF, 0xF7DF, 0xFFFF, 0xD6BA, 0x3A08, 0xEF7D,
  0xFFFF, 0xFFFF, 0xFFFF, 0xFFFF, 0xFFFF, 0xFFFF, 0xFFFF, 0xFFFF, 0xFFFF, 0xFFFF, 0xFFFF, 0xFFFF,
  0xFFFF, 0xFFFF, 0xAD58, 0x0025, 0x1949, 0x21A9, 0x0022, 0xBE19, 0xFFFF, 0xF7BF, 0xFFDF, 0xF7DF,
  0xF7DF, 0xF7DF, 0xF7DF, 0xF7DF, 0xFFDF, 0xFFDF, 0xFFDF, 0xF7DF, 0xF7DF, 0xF7DF, 0xFFDF, 0xFFFF,
  0xFFFF, 0xFFFF, 0xFFFF, 0xF7BF, 0xD6DD, 0x7C13, 0x0004, 0x29AB, 0x194A, 0x112A, 0x0909, 0x218A,
  0xB61A, 0xFFFF, 0xFFDF, 0xFFFF, 0xFFFF, 0x4A8C, 0x1108, 0x218A, 0x0023, 0xCE7B, 0xD6DB, 0x9D14,
  0xAD96, 0xB5D7, 0xB5B6, 0xBE18, 0xB5D7, 0xB5D8, 0xBDD8, 0xBDF9, 0xB5B7, 0xCE7A, 0xE75D, 0xE73D,
  0xF7DF, 0xADB7, 0x5B0D, 0xA536, 0xDEFD, 0xA536, 0xAD96, 0xD6DC, 0xBE19, 0xB5D8, 0xC63A, 0xCE5A,
  0xD6BC, 0xDEDC, 0xE73D, 0xEF7E, 0xEF7F, 0xF7DF, 0xFFFF, 0xEF7F, 0x4A8E, 0x0046, 0x19AC, 0x0908,
  0x9D36, 0xFFFF, 0xFFFF, 0xFFFF, 0xFFFF, 0xBE1B, 0x08E8, 0x198C, 0x0067, 0x424D, 0xDEDE, 0xFFFF,
  0xFFFF, 0xFFFF, 0xFFFF, 0xFFFF, 0xFFFF, 0xFFFF, 0xFFDF, 0xFFFF, 0xFFDF, 0xFFFF, 0xEF9F, 0x7BF3,
  0x08C7, 0x216A, 0x218A, 0x0023, 0x7411, 0xEF9E, 0xFFFF, 0xFFFF, 0xFFFF, 0xFFFF, 0xFFFF, 0xFFFF,
  0xFFFF, 0xFFFF, 0xFFFF, 0xFFFF, 0xFFFF, 0xF7BF, 0x6331, 0x0025, 0x198B, 0x0909, 0x2169, 0xA557,
  0xFFFF, 0xFFFF, 0xFFFF, 0xFFFF, 0xFFFF, 0xFFFF, 0xFFFF, 0xFFFF, 0xFFFF, 0xFFFF, 0xFFFF, 0xFFFF,
  0xFFFF, 0xE77F, 0xB5FA, 0x8CD7, 0x6372, 0x52CF, 0x424D, 0x31EC, 0x2149, 0x0025, 0x0025, 0x0046,
  0x0046, 0x0025, 0x0046, 0x0066, 0x0087, 0x08E8, 0x194A, 0x218B, 0x29AC, 0x216A, 0x08A7, 0x0045,
  0x08E7, 0x3A2C, 0x7C33, 0xDF1E, 0xF7DF, 0xFFFF, 0xFFDF, 0xFFDF, 0xFFDF, 0xFFFF, 0xFFDF, 0xFFFF,
  0xFFDF, 0xEF7E, 0xDEDC, 0xDEFD, 0x2967, 0xA536, 0xF7FF, 0xEF9E, 0xEF9E, 0xFFFF, 0xB5D8, 0x39E8,
  0xE73E, 0xFFFF, 0xF7DF, 0xF7DF, 0xF7DF, 0xF7FF, 0xFFFF, 0xF7DF, 0xF7DE, 0xFFFF, 0x8431, 0x94D4,
  0x9D16, 0x0002, 0xC67C, 0xD6FD, 0x73AF, 0xDEFB, 0xFFFF, 0xF79E, 0xF7DF, 0xFFDF, 0xF7DF, 0xFFFF,
  0xF79E, 0xF7BF, 0xF7DF, 0x73CF, 0x8C72, 0xFFDF, 0xF7DF, 0xFFFF, 0xE73C, 0x4A69, 0xBDD7, 0xFFFF,
  0xFFFF, 0xFFFF, 0xFFFF, 0xFFFF, 0xFFFF, 0xFFFF, 0xFFFF, 0xFFFF, 0xFFFF, 0xFFFF, 0xFFFF, 0xFFFF,
  0xFFFF, 0xFFFF, 0xAD58, 0x0025, 0x1129, 0x2189, 0x0002, 0xC63A, 0xFFFF, 0xFFDF, 0xFFDF, 0xF7FF,
  0xF7FF, 0xF7FF, 0xF7FF, 0xFFFF, 0xFFFF, 0xFFDF, 0xF7DF, 0xF7DF, 0xF7DF, 0xF7DF, 0xEF7F, 0xEF9F,
  0xEF7E, 0xD6DC, 0xB5F9, 0x8454, 0x0025, 0x0025, 0x218B, 0x192A, 0x192A, 0x218B, 0x08C7, 0x8475,
  0xFFFF, 0xFFFF, 0xFFFF, 0xFFFF, 0xFFFF, 0x4A8C, 0x10E8, 0x218A, 0x0023, 0xC63A, 0xEF7F, 0xC659,
  0xA514, 0x4A69, 0x0020, 0x0000, 0x0001, 0x0001, 0x0002, 0x0023, 0x2147, 0xD6BC, 0xD6DC, 0xDF1D,
  0xCE9B, 0x0002, 0x0043, 0x0002, 0x8C74, 0xDF1E, 0xAD97, 0xBDD9, 0x6330, 0x0003, 0x0004, 0x0024,
  0x0003, 0x0023, 0x0002, 0x31A8, 0x7BF1, 0xB5B8, 0xEF5E, 0xF79F, 0x52AF, 0x0046, 0x21AB, 0x0928,
  0x9D57, 0xFFFF, 0xFFFF, 0xFFFF, 0xFFFF, 0xBDFA, 0x08E8, 0x196B, 0x0067, 0x424D, 0xDEDE, 0xFFFF,
  0xFFFF, 0xFFFF, 0xFFFF, 0xFFFF, 0xFFFF, 0xFFDF, 0xFFFF, 0xFFBF, 0xFFFF, 0xFFDF, 0xFFFF, 0xF7BF,
  0x8CB5, 0x1948, 0x1107, 0x31EB, 0x0022, 0x8CB4, 0xDF1D, 0xFFFF, 0xFFFF, 0xFFFF, 0xFFFF, 0xFFFF,
  0xFFFF, 0xFFDF, 0xFFFF, 0xFFDF, 0xFFFF, 0xF7BF, 0x6331, 0x0025, 0x198B, 0x0909, 0x2169, 0xA557,
  0xFFFF, 0xFFDF, 0xFFFF, 0xFFFF, 0xFFFF, 0xFFFF, 0xFFFF, 0xFFFF, 0xFFFF, 0xFFFF, 0xFFFF, 0xFFFF,
  0xFFFF, 0xFFFF, 0xFFFF, 0xF7DF, 0xF7FF, 0xEFBF, 0xD6FD, 0xC67B, 0xAD98, 0x9D37, 0x8CB5, 0x73F2,
  0x6390, 0x5B50, 0x5B50, 0x5B30, 0x428E, 0x322C, 0x2189, 0x00A7, 0x0025, 0x0067, 0x190A, 0x29AC,
  0x192A, 0x1109, 0x0045, 0x426D, 0xB5D9, 0xFFFF, 0xFFFF, 0xFFFF, 0xFFFF, 0xFFBF, 0xFFDF, 0xFFDF,
  0xFFDF, 0xEF5D, 0xE73D, 0xE75E, 0xCE5A, 0x0001, 0xC639, 0xF7DF, 0xEF9E, 0xEF7E, 0xFFFF, 0xAD76,
  0x4229, 0xE75E, 0xF7DF, 0xFFFF, 0xFFFF, 0xFFFF, 0xF7DF, 0xF79E, 0xFFFF, 0x94D2, 0x7C30, 0xFFFF,
  0x94F5, 0x0002, 0xC65A, 0xFFFF, 0xE73C, 0x94B2, 0xD6BB, 0xFFFF, 0xFFDF, 0xF7DF, 0xFFDF, 0xF7BF,
  0xFFDF, 0xF7BF, 0x7BF0, 0x8410, 0xFFFF, 0xF7BF, 0xF7BF, 0xF79E, 0x5ACB, 0xA514, 0xFFFF, 0xFFFF,
  0xFFFF, 0xFFFF, 0xFFFF, 0xFFFF, 0xFFFF, 0xFFFF, 0xFFFF, 0xFFFF, 0xFFFF, 0xFFFF, 0xFFFF, 0xFFFF,
  0xFFFF, 0xFFFF, 0xAD58, 0x0025, 0x1149, 0x196A, 0x0065, 0x6BB1, 0x9495, 0x9495, 0x94B5, 0x8CB5,
  0x8CB4, 0x8CB4, 0x8CB4, 0x8C94, 0x8C94, 0x8C74, 0x8453, 0x8453, 0x7BF3, 0x73B2, 0x6350, 0x5B0F,
  0x31CA, 0x0044, 0x0024, 0x0025, 0x192A, 0x218C, 0x194B, 0x218B, 0x10E8, 0x0065, 0x7C13, 0xF7FF,
  0xFFFF, 0xFFDF, 0xFFDF, 0xFFFF, 0xFFFF, 0x4A6B, 0x1108, 0x29CB, 0x0023, 0xB5B9, 0xFFFF, 0xFFFF,
  0xFFFF, 0xF7BE, 0xDEDB, 0xB596, 0x8432, 0x5AED, 0x39E9, 0x0022, 0x52CD, 0xE75F, 0xC63A, 0xDF1D,
  0xCE7B, 0x0001, 0x39EA, 0x0023, 0x4A8C, 0xEF9F, 0xC63A, 0xC63A, 0xB5BA, 0x0845, 0x0865, 0x0003,
  0x0864, 0x632F, 0xAD77, 0xD6DC, 0xEF7F, 0xF79F, 0xF7BF, 0xE73F, 0x424E, 0x0067, 0x198B, 0x1149,
  0xA598, 0xF7FF, 0xFFFF, 0xFFFF, 0xFFFF, 0xB5FA, 0x00E8, 0x198B, 0x0067, 0x424D, 0xDEDD, 0xFFFF,
  0xFFFF, 0xFFFF, 0xFFFF, 0xFFFF, 0xFFFF, 0xFFFF, 0xFFFF, 0xFFFF, 0xFFFF, 0xFFBF, 0xFFDF, 0xFFFF,
  0xFFFF, 0x9D37, 0x3A2B, 0x08C6, 0x320B, 0x0023, 0x5AEE, 0xD6DD, 0xFFFF, 0xFFFF, 0xFFDF, 0xFFFF,
  0xFFFF, 0xFFFF, 0xFFFF, 0xFFFF, 0xFFFF, 0xF7BF, 0x6331, 0x0025, 0x198B, 0x0909, 0x2169, 0xA557,
  0xFFFF, 0xFFDF, 0xFFFF, 0xFFFF, 0xFFFF, 0xFFFF, 0xFFFF, 0xFFFF, 0xFFFF, 0xFFFF, 0xFFFF, 0xFFFE,
  0xFFFF, 0xFFFF, 0xF7DF, 0xFFFF, 0xFFFF, 0xFFFF, 0xF7FF, 0xFFFF, 0xF7DF, 0xFFFF, 0xFFFF, 0xFFFF,
  0xF7FF, 0xEFBF, 0xEF9F, 0xE75F, 0xD71E, 0xCEBC, 0xB5FA, 0x9D37, 0x8475, 0x6351, 0x31CC, 0x0046,
  0x1109, 0x218B, 0x216A, 0x0025, 0x31EA, 0xB5D9, 0xFFFF, 0xFFFF, 0xFFDF, 0xFFFF, 0xFFFF, 0xFFFF,
  0xFFFF, 0xEF5D, 0xEF7E, 0xE71D, 0xE73E, 0xB5D8, 0x0000, 0xCE7A, 0xF7DF, 0xF7BF, 0xF7BF, 0xF7DF,
  0xA535, 0x39C8, 0xE75D, 0xFFDF, 0xF7BE, 0xFFDF, 0xF79E, 0xFFFF, 0xAD75, 0x840F, 0xFFFF, 0xFFFF,
  0x94D3, 0x0041, 0xC659, 0xFFDF, 0xFFFF, 0xF7BE, 0x9CD3, 0xDEDB, 0xFFDE, 0xF7DE, 0xF7DE, 0xFFFF,
  0xFFDF, 0x8431, 0x73AF, 0xFFFF, 0xF79F, 0xFFDF, 0xFFDF, 0x7BF0, 0x7BF0, 0xFFFF, 0xFFFF, 0xFFFF,
  0xFFFF, 0xFFFF, 0xFFFF, 0xFFFF, 0xFFFF, 0xFFFF, 0xFFFF, 0xFFFF, 0xFFFF, 0xFFFF, 0xFFFF, 0xFFFF,
  0xFFFF, 0xFFFF, 0xAD58, 0x0025, 0x194A, 0x0909, 0x1929, 0x0004, 0x0025, 0x0004, 0x0025, 0x0025,
  0x0024, 0x0044, 0x0044, 0x0044, 0x0024, 0x0024, 0x0004, 0x0004, 0x0005, 0x0025, 0x0005, 0x0025,
  0x0087, 0x112A, 0x29AC, 0x21CD, 0x196B, 0x196B, 0x08C8, 0x0066, 0x320B, 0x9CF6, 0xF7DF, 0xFFFF,
  0xFFFF, 0xFFFF, 0xFFFF, 0xFFFF, 0xFFFF, 0x5AED, 0x08E7, 0x29CB, 0x0024, 0x9CF6, 0xFFDF, 0xF7DF,
  0xFFDF, 0xF7BE, 0xFFFF, 0xFFFF, 0xF7BF, 0xF7BF, 0xDF1D, 0xD6DC, 0xBDF8, 0xE75D, 0xD6DB, 0xBDF7,
  0xF7DF, 0x8C92, 0x0001, 0x2126, 0xDEFD, 0xDEFC, 0x5B0C, 0xD6BB, 0x9CD5, 0x0002, 0x7BD1, 0xAD77,
  0xD6BC, 0xF7BF, 0xFFFF, 0xF7FF, 0xFFFF, 0xF7BF, 0xFFDF, 0xE71E, 0x298A, 0x10E9, 0x1129, 0x29EB,
  0xB61A, 0xFFFF, 0xFFFF, 0xFFFF, 0xFFFF, 0xB5FA, 0x00E7, 0x19AB, 0x0067, 0x424D, 0xDEDD, 0xFFFF,
  0xFFFF, 0xFFFF, 0xFFFF, 0xFFFF, 0xFFFF, 0xF7FF, 0xFFFF, 0xFFFF, 0xFFDF, 0xFFFF, 0xFFDF, 0xFFDF,
  0xFFFF, 0xFFFF, 0xB5D9, 0x424C, 0x0065, 0x31CC, 0x0045, 0x4A6D, 0xCE7B, 0xF7DF, 0xFFFF, 0xFFFF,
  0xFFFF, 0xFFFF, 0xFFDF, 0xFFDF, 0xFFFF, 0xF7BF, 0x6331, 0x0025, 0x198B, 0x0909, 0x2169, 0xA557,
  0xFFFF, 0xFFDF, 0xFFFF, 0xFFFF, 0xFFFF, 0xFFFF, 0xFFFF, 0xFFFF, 0xFFFF, 0xFFFF, 0xFFFF, 0xFFFF,
  0xFFFF, 0xFFDF, 0xFFFF, 0xFFFF, 0xFFDF, 0xFFFF, 0xFFDF, 0xFFDF, 0xFFFF, 0xFFFF, 0xFFDF, 0xFFDF,
  0xFFFF, 0xFFFF, 0xFFFF, 0xFFFF, 0xFFFF, 0xFFFF, 0xFFFF, 0xFFFF, 0xFFFF, 0xF79F, 0xCE9C, 0x94D6,
  0x1949, 0x0066, 0x216B, 0x21AA, 0x0085, 0x52CD, 0xDEFD, 0xFFFF, 0xF7DF, 0xFFFF, 0xFFFF, 0xFFFF,
  0xFFFE, 0xF79E, 0xF7BF, 0xE73D, 0xD6DC, 0xE75D, 0xAD76, 0x0000, 0xCE9A, 0xFFFF, 0xEF7E, 0xF7DF,
  0xFFFF, 0x9D14, 0x4228, 0xEF7D, 0xFFDF, 0xF79E, 0xFFFF, 0xB596, 0x8C71, 0xF7BE, 0xFFDF, 0xFFFF,
  0xA535, 0x0000, 0xC618, 0xFFFF, 0xF7BE, 0xFFDE, 0xF79E, 0xA535, 0xDEFB, 0xF7DE, 0xF7BE, 0xFFFF,
  0x8C92, 0x6B6E, 0xF7BF, 0xF7DF, 0xF7BF, 0xFFDF, 0x8431, 0x6B6E, 0xFFFF, 0xFFFF, 0xFFDF, 0xFFFF,
  0xFFFF, 0xFFFF, 0xFFFF, 0xFFFF, 0xFFFF, 0xFFFF, 0xFFFF, 0xFFFF, 0xFFFF, 0xFFFF, 0xFFFF, 0xFFFF,
  0xFFFF, 0xFFFF, 0xAD58, 0x0025, 0x112A, 0x08EA, 0x08C8, 0x29AB, 0x31AB, 0x31AB, 0x31AC, 0x31EC,
  0x29CB, 0x29CB, 0x31CB, 0x31CB, 0x31AB, 0x31AB, 0x31AB, 0x31AB, 0x31AC, 0x296B, 0x298C, 0x296B,
  0x216B, 0x216B, 0x10E9, 0x00C8, 0x0046, 0x00A7, 0x29EB, 0x7C54, 0xCE9C, 0xFFFF, 0xFFFF, 0xFFFF,
  0xFFFF, 0xFFDF, 0xFFFF, 0xFFDE, 0xFFFF, 0x6BB0, 0x00A7, 0x29CB, 0x0024, 0x7BF2, 0xF7BF, 0xFFDF,
  0xFFDF, 0xFFDF, 0xFFDF, 0xFFDF, 0xFFFF, 0xF7DF, 0xFFFF, 0xFFFF, 0xFFFF, 0xF7FF, 0xF7FF, 0x8C71,
  0xD6FB, 0xFFFF, 0xCE9A, 0xEF9E, 0xCE7A, 0x4249, 0xCE9A, 0xF7BE, 0xBDF8, 0xD6DC, 0xF7BF, 0xFFFF,
  0xFFFF, 0xFFFF, 0xF7DE, 0xFFFE, 0xF7DE, 0xFFFF, 0xFFFF, 0xCE7C, 0x0005, 0x216B, 0x08E8, 0x3A4C,
  0xCEBC, 0xFFFF, 0xF7FF, 0xFFFF, 0xFFFF, 0xBE1A, 0x00E7, 0x19AB, 0x0067, 0x424D, 0xDEDD, 0xFFFF,
  0xFFFF, 0xFFFF, 0xFFFF, 0xFFFF, 0xFFFF, 0xFFFF, 0xFFFF, 0xFFFF, 0xFFFF, 0xFFFF, 0xFFFF, 0xFFFF,
  0xFFFF, 0xFFFF, 0xFFFF, 0xCE7C, 0x52AE, 0x0045, 0x29AB, 0x0045, 0x3A2B, 0xB5D8, 0xF7DF, 0xFFFF,
  0xFFFF, 0xFFFF, 0xFFFF, 0xFFFF, 0xFFFF, 0xF7BF, 0x6330, 0x0025, 0x198B, 0x0909, 0x2169, 0xA557,
  0xFFFF, 0xFFDF, 0xFFFF, 0xFFFF, 0xFFFF, 0xFFFF, 0xFFFF, 0xFFFF, 0xFFFF, 0xFFFF, 0xFFFF, 0xFFFF,
  0xFFFF, 0xFFFF, 0xFFDF, 0xFFBF, 0xFFFF, 0xF7BF, 0xFFFF, 0xFFFF, 0xFFDF, 0xFFDF, 0xFFFF, 0xFFFF,
  0xFFFF, 0xFFFF, 0xFFFF, 0xFFDF, 0xFFDF, 0xFFDF, 0xFFDF, 0xFFFF, 0xFFFF, 0xFFFF, 0xFFFF, 0xF7FF,
  0xD6DE, 0x6371, 0x0045, 0x1949, 0x1949, 0x0024, 0x8CB4, 0xFFFF, 0xFFFF, 0xF7DE, 0xFFFF, 0xFFFF,
  0xFFFF, 0xFFDE, 0xEF7D, 0xEF5D, 0xE73D, 0xDEFC, 0xE73D, 0x9D15, 0x0001, 0xCE9B, 0xFFFF, 0xEF9F,
  0xF7BF, 0xFFDF, 0x9CF4, 0x528A, 0xEF5D, 0xFFFF, 0xBDF8, 0x94D3, 0xF7DF, 0xF7DF, 0xF79E, 0xFFFF,
  0xAD56, 0x0000, 0xC639, 0xFFFF, 0xFFFF, 0xFFDE, 0xFFFF, 0xFFDE, 0xB596, 0xCE9A, 0xFFFF, 0x9CF4,
  0x5B2D, 0xF7BF, 0xF7DF, 0xF7BF, 0xFFFF, 0x8431, 0x4A49, 0xFFDF, 0xFFFF, 0xFFDF, 0xFFFF, 0xFFFF,
  0xFFFF, 0xFFFF, 0xFFFF, 0xFFFF, 0xFFFF, 0xFFFF, 0xFFFF, 0xFFFF, 0xFFFF, 0xFFFF, 0xFFFF, 0xFFFF,
  0xFFFF, 0xFFFF, 0xAD58, 0x0025, 0x112B, 0x08EA, 0x1109, 0x0045, 0x0025, 0x0024, 0x0025, 0x0045,
  0x0045, 0x0025, 0x0025, 0x0025, 0x0025, 0x0025, 0x0025, 0x0025, 0x0026, 0x0026, 0x0005, 0x0026,
  0x10A7, 0x1909, 0x29AB, 0x422C, 0x52CE, 0x8C95, 0xCE9C, 0xF7BF, 0xFFFF, 0xFFFF, 0xFFFF, 0xFFFF,
  0xFFFF, 0xFFFF, 0xFFFF, 0xFFFF, 0xF7BF, 0x9D37, 0x0025, 0x21AB, 0x08C7, 0x2188, 0xDF1D, 0xFFFF,
  0xF7BF, 0xFFFF, 0xFFDF, 0xFFDF, 0xFFFF, 0xFFFF, 0xFFFF, 0xFFFF, 0xF7DE, 0xF7DF, 0xF7DF, 0xE75D,
  0x7C10, 0xDF3C, 0xFFFF, 0xCE7A, 0x5AEC, 0xEF5D, 0xFFFF, 0xF7BF, 0xFFFF, 0xFFFF, 0xF7DF, 0xFFDF,
  0xFFDF, 0xFFFF, 0xFFBF, 0xFFFF, 0xFFFF, 0xFFDF, 0xFFDF, 0xAD78, 0x0004, 0x31CC, 0x0046, 0x52EF,
  0xEF9F, 0xF7DF, 0xFFFF, 0xFFFF, 0xFFFF, 0xB5FA, 0x08E8, 0x19AC, 0x0067, 0x422D, 0xDEDD, 0xFFFF,
  0xFFFF, 0xFFFF, 0xFFFF, 0xFFFF, 0xFFFF, 0xFFFF, 0xFFFF, 0xFFFF, 0xFFFF, 0xFFFF, 0xFFFF, 0xFFFF,
  0xFFFF, 0xFFFF, 0xFFFF, 0xFFFF, 0xDEFE, 0x5AEF, 0x0044, 0x31AA, 0x08C6, 0x1928, 0x9D57, 0xFFFF,
  0xFFFF, 0xFFDF, 0xFFFF, 0xFFFF, 0xFFFF, 0xF7BF, 0x5B30, 0x0046, 0x196B, 0x08E8, 0x2189, 0xA557,
  0xFFFF, 0xFFDF, 0xFFDF, 0xFFFF, 0xFFFF, 0xFFFF, 0xFFFF, 0xFFFF, 0xFFFF, 0xFFFF, 0xFFFF, 0xFFFF,
  0xFFFF, 0xFFFF, 0xFFDF, 0xFFFF, 0xFFFF, 0xFFFF, 0xFFFF, 0xFFFF, 0xFFFF, 0xFFFF, 0xFFFF, 0xFFFF,
  0xFFFF, 0xFFFF, 0xFFFF, 0xFFFF, 0xFFFF, 0xFFFF, 0xFFFF, 0xFFFF, 0xFFFF, 0xFFFF, 0xFFDF, 0xFFFF,
  0xFFFF, 0xD6FD, 0x1107, 0x1128, 0x196A, 0x0086, 0x52EE, 0xEF9F, 0xFFFF, 0xFFFF, 0xFFFF, 0xFFFF,
  0xFFFF, 0xFFFF, 0xFFDF, 0xFFDF, 0xDEFC, 0xE73C, 0xD6DB, 0xE77E, 0x94F4, 0x0001, 0xD6DC, 0xFFFF,
  0xEF9E, 0xF7BF, 0xFFFF, 0x94B3, 0x634D, 0xCE7A, 0xA535, 0xF7BF, 0xFFFF, 0xF7DE, 0xFFFF, 0xFFDF,
  0xAD56, 0x0001, 0xCE5A, 0xFFBF, 0xF7BE, 0xFFFF, 0xFFDE, 0xFFFF, 0xF7BF, 0xCE7A, 0x8C72, 0x6B6E,
  0xEFBF, 0xF7DF, 0xEF7E, 0xFFFF, 0x9CD4, 0x6B8E, 0xF79E, 0xFFFF, 0xFFFF, 0xFFFF, 0xFFDF, 0xFFFF,
  0xFFFF, 0xFFFF, 0xFFFF, 0xFFFF, 0xFFFF, 0xFFFF, 0xFFFF, 0xFFFF, 0xFFFF, 0xFFFF, 0xFFFF, 0xFFFF,
  0xFFFF, 0xFFFF, 0xAD58, 0x0025, 0x112A, 0x112B, 0x00A7, 0x5B51, 0x7C13, 0x8453, 0x8454, 0x7BF3,
  0x73F3, 0x73D2, 0x6B91, 0x6B71, 0x6B51, 0x6B71, 0x6B91, 0x6B92, 0x6B92, 0x73F3, 0x8414, 0x8455,
  0x94B6, 0xA537, 0xBE1A, 0xDEFE, 0xF7BF, 0xFFFF, 0xFFFF, 0xFFFF, 0xF7DF, 0xFFFF, 0xFFFF, 0xFFFF,
  0xFFFF, 0xFFDF, 0xFFFE, 0xFFFF, 0xFFFF, 0xCE9C, 0x2129, 0x1109, 0x29AB, 0x0003, 0xBE1A, 0xFFFF,
  0xF7BF, 0xFFDF, 0xFFFF, 0xFFBE, 0xFFDF, 0xFFDF, 0xFFFF, 0xFFFF, 0xFFDF, 0xFFDF, 0xFFFF, 0xF7DF,
  0x9CF4, 0x2125, 0x8472, 0x0001, 0xCE9A, 0xFFDF, 0xF7BF, 0xFFDF, 0xFFFF, 0xF7FF, 0xF7DF, 0xFFFF,
  0xFFDF, 0xFFDF, 0xFFDF, 0xFFFF, 0xFFDE, 0xFFFF, 0xF7DF, 0x7BF3, 0x0004, 0x31AB, 0x0045, 0x7C13,
  0xFFDF, 0xFFFF, 0xFFFF, 0xFFDF, 0xFFFF, 0xB5F9, 0x00C7, 0x198B, 0x0067, 0x422D, 0xD6DD, 0xFFFF,
  0xFFFF, 0xFFFF, 0xFFFF, 0xFFFF, 0xFFFF, 0xFFFF, 0xFFFF, 0xFFFF, 0xFFFF, 0xFFFF, 0xFFFF, 0xFFFF,
  0xFFFF, 0xFFFF, 0xFFFF, 0xF7BF, 0xFFFF, 0xEF5F, 0x632F, 0x0044, 0x29CA, 0x1949, 0x0024, 0xA558,
  0xFFDF, 0xFFFF, 0xFFBF, 0xFFFF, 0xFFFF, 0xF7DF, 0x6351, 0x0005, 0x196B, 0x1129, 0x2148, 0xAD77,
  0xFFFF, 0xF7DF, 0xFFFF, 0xFFFF, 0xFFFF, 0xF7DF, 0xFFFF, 0xFFFF, 0xFFFF, 0xFFFF, 0xFFFF, 0xFFFF,
  0xFFFF, 0xFFFF, 0xFFDF, 0xFFFF, 0xFFFF, 0xFFFF, 0xFFFF, 0xFFFF, 0xFFFF, 0xFFFF, 0xFFFF, 0xFFFF,
  0xFFFF, 0xFFFF, 0xFFFF, 0xFFFF, 0xFFFF, 0xFFFF, 0xFFFF, 0xFFFF, 0xFFFF, 0xF7DE, 0xFFFF, 0xFFBF,
  0xFFFF, 0xFFFF, 0x8474, 0x0024, 0x218B, 0x08C8, 0x3A4C, 0xD6FD, 0xFFFF, 0xFFDF, 0xFFFF, 0xFFFF,
  0xFFFF, 0xFFFF, 0xFFDF, 0xEF7D, 0xF79E, 0xE73C, 0xDEFC, 0xD6BB, 0xDF3D, 0x94F4, 0x0001, 0xDEFC,
  0xF7DF, 0xF79F, 0xF7BF, 0xF7DF, 0x94D3, 0x0021, 0xEF5E, 0xFFFF, 0xF7BE, 0xF7FE, 0xFFFE, 0xFFFF,
  0xB596, 0x0001, 0xC619, 0xFFFF, 0xFFFF, 0xFFFF, 0xF7BE, 0xF7DF, 0xFFFF, 0xA535, 0x630D, 0xF7DF,
  0xF7BF, 0xEF9E, 0xFFFF, 0xA555, 0x4249, 0xE75D, 0xF79E, 0xFFFF, 0xFFFF, 0xFFDF, 0xFFFF, 0xFFFF,
  0xFFFF, 0xFFFF, 0xFFFF, 0xFFFF, 0xFFFF, 0xFFFF, 0xFFFF, 0xFFFF, 0xFFFF, 0xFFFF, 0xFFFF, 0xFFFF,
  0xFFFF, 0xFFFF, 0xAD58, 0x0025, 0x194A, 0x08E9, 0x08C7, 0xC65C, 0xF7DF, 0xEF9F, 0xF7BF, 0xF7DF,
  0xF7DF, 0xF7DF, 0xF7DF, 0xF7DF, 0xFFDF, 0xF7DF, 0xF7DF, 0xF7DF, 0xF7FF, 0xFFFF, 0xFFFF, 0xFFFF,
  0xFFFF, 0xFFFF, 0xFFFF, 0xFFFF, 0xFFFF, 0xFFFF, 0xFFDF, 0xFFFF, 0xFFFF, 0xFFFF, 0xFFFF, 0xFFFF,
  0xFFFF, 0xFFFF, 0xFFFF, 0xFFFF, 0xFFDF, 0xEF7F, 0x73B2, 0x0046, 0x29CC, 0x0025, 0x6BB1, 0xEFBF,
  0xF7BE, 0xFFDE, 0xFFFF, 0xFFBF, 0xFFFF, 0xFFDF, 0xFFDF, 0xFFFF, 0xFFFF, 0xFFDF, 0xFFDF, 0xFFFF,
  0xD6BB, 0x0021, 0x0000, 0x528B, 0xE73D, 0xFFDF, 0xF7BF, 0xFFFF, 0xFFFE, 0xFFFF, 0xF7DE, 0xFFDF,
  0xFFDF, 0xFFDF, 0xFFDF, 0xFFDE, 0xF7FF, 0xFFFF, 0xD6DD, 0x08A6, 0x1929, 0x1108, 0x1948, 0xAD98,
  0xFFFF, 0xFFFF, 0xFFFF, 0xFFDF, 0xFFFF, 0xB5FA, 0x08E7, 0x198B, 0x0067, 0x422D, 0xD6DD, 0xFFFF,
  0xFFFF, 0xFFFF, 0xFFFF, 0xFFFF, 0xFFFF, 0xFFFF, 0xFFFF, 0xFFFF, 0xFFFF, 0xFFFF, 0xFFFF, 0xFFFF,
  0xFFFF, 0xFFFF, 0xFFFF, 0xFFFF, 0xF7DF, 0xFFFF, 0xEF9F, 0x73D1, 0x0043, 0x2168, 0x29AB, 0x0004,
  0x73B2, 0xF79F, 0xFFFF, 0xEF9E, 0xFFFF, 0xF77F, 0x6330, 0x0025, 0x196B, 0x08E8, 0x2148, 0xA557,
  0xFFDF, 0xFFFF, 0xFFFF, 0xFFFF, 0xFFDE, 0xFFFF, 0xFFDF, 0xFFFF, 0xFFFF, 0xFFFF, 0xFFFF, 0xFFFF,
  0xFFFF, 0xFFDE, 0xFFFF, 0xFFFE, 0xFFFF, 0xFFFF, 0xFFFF, 0xFFFF, 0xFFFF, 0xFFFF, 0xFFFF, 0xFFFF,
  0xFFFF, 0xFFFF, 0xFFFF, 0xFFFF, 0xFFFF, 0xFFFF, 0xFFFF, 0xFFFF, 0xFFFF, 0xFFFE, 0xFFFF, 0xFFFF,
  0xFFDF, 0xFFFF, 0xB5DA, 0x08A7, 0x194B, 0x10E9, 0x29CA, 0xCE9C, 0xFFFF, 0xFFFF, 0xFFFF, 0xFFFF,
  0xFFFF, 0xFFDF, 0xFFFF, 0xEF5D, 0xF79E, 0xE75D, 0xDF1C, 0xDEFC, 0xDEFC, 0xDF1D, 0x9CF4, 0x1905,
  0xE71D, 0xF7DF, 0xF7BF, 0xF7BF, 0xF7BF, 0x8C93, 0x424A, 0xEF9F, 0xF7DF, 0xF7DE, 0xF7DE, 0xFFFF,
  0xBDD7, 0x0000, 0xC619, 0xFFFF, 0xFFDF, 0xF7DF, 0xFFDF, 0xFFDF, 0x8C92, 0x5B0C, 0xEF9E, 0xF79F,
  0xEF7E, 0xFFDF, 0xB5B7, 0x2986, 0xEF7D, 0xFFFF, 0xFFFF, 0xFFFF, 0xFFFF, 0xFFFF, 0xFFFF, 0xFFFF,
  0xFFFF, 0xFFFF, 0xFFFF, 0xFFFF, 0xFFFF, 0xFFFF, 0xFFFF, 0xFFFF, 0xFFFF, 0xFFFF, 0xFFFF, 0xFFFF,
  0xFFFF, 0xFFFF, 0xAD58, 0x0025, 0x1109, 0x08E8, 0x31EB, 0xCEBC, 0xFFFF, 0xFFFF, 0xFFFF, 0xFFFF,
  0xFFFF, 0xFFFF, 0xFFFF, 0xFFFF, 0xFFFF, 0xFFFF, 0xFFFF, 0xFFFF, 0xFFFF, 0xFFFF, 0xFFFF, 0xFFFF,
  0xFFFF, 0xFFFF, 0xF7DE, 0xFFDF, 0xFFFF, 0xFFFF, 0xFFFF, 0xFFFF, 0xFFDF, 0xFFDF, 0xFFDF, 0xFFFF,
  0xFFFF, 0xFFDF, 0xFFDF, 0xFFFF, 0xFFFF, 0xFFFF, 0x9CD6, 0x0005, 0x216B, 0x298C, 0x0024, 0xC67A,
  0xF7FF, 0xF7DE, 0xFFFF, 0xFFDF, 0xFFFF, 0xFFDF, 0xFFDF, 0xFFDF, 0xFFFF, 0xFFDF, 0xFFDF, 0xFFFF,
  0xEF9E, 0x5AEC, 0x0000, 0x8C72, 0xFFFF, 0xF7DF, 0xFFDF, 0xFFFF, 0xF7FE, 0xF7FE, 0xFFFF, 0xFFFF,
  0xFFFF, 0xFFBF, 0xFFDF, 0xFFFF, 0xEFDE, 0xEFFF, 0x9D37, 0x0045, 0x29AB, 0x10C7, 0x4AAD, 0xE75E,
  0xFFFF, 0xFFFF, 0xFFFF, 0xFFDF, 0xFFFF, 0xB5FA, 0x08E8, 0x19AC, 0x0067, 0x422D, 0xD6DD, 0xFFFF,
  0xFFFF, 0xFFFF, 0xFFFF, 0xFFFF, 0xFFFF, 0xFFFF, 0xFFFF, 0xFFFF, 0xFFFF, 0xFFFF, 0xFFFF, 0xFFFF,
  0xFFFF, 0xFFFF, 0xFFFF, 0xFFFF, 0xFFDF, 0xFFFF, 0xFFDF, 0xF7FF, 0x7C32, 0x1906, 0x10E8, 0x29AB,
  0x0045, 0x632F, 0xE75E, 0xFFFF, 0xFFFF, 0xF7BF, 0x6B50, 0x0025, 0x196B, 0x08E8, 0x2189, 0xA557,
  0xFFFF, 0xFFDE, 0xFFFF, 0xFFFF, 0xFFFF, 0xFFFF, 0xFFFF, 0xFFDF, 0xFFDF, 0xFFDF, 0xF7BF, 0xFFFF,
  0xFFFF, 0xFFFF, 0xFFFF, 0xFFFF, 0xFFFF, 0xFFFF, 0xFFFF, 0xFFFF, 0xFFFF, 0xFFFF, 0xFFFF, 0xFFFF,
  0xFFFF, 0xFFFF, 0xFFFF, 0xFFFF, 0xFFFF, 0xFFFF, 0xFFFF, 0xFFFF, 0xFFFF, 0xFFFF, 0xFFDF, 0xFFFF,
  0xFFFF, 0xFFDF, 0xADB9, 0x1909, 0x192B, 0x10E9, 0x31EB, 0xC69C, 0xFFFF, 0xFFFF, 0xFFDF, 0xFFFF,
  0xFFFF, 0xFFDF, 0xFFFF, 0xF79E, 0xFFFF, 0xE75D, 0xE73C, 0xDEFC, 0xD6BB, 0xD6BB, 0xE73D, 0x8451,
  0x31E8, 0xEF7E, 0xF7BF, 0xF7BF, 0xF7DF, 0xF7DF, 0x8C72, 0x424A, 0xEF5E, 0xF7DF, 0xEF9E, 0xFFFF,
  0xBE18, 0x0000, 0xCE79, 0xFFFF, 0xF7BE, 0xF7BF, 0xF7DF, 0x9493, 0x634E, 0xEF9E, 0xF7DF, 0xEF7E,
  0xFFFF, 0xBDF8, 0x0861, 0xDF1C, 0xFFDF, 0xFFDF, 0xFFFF, 0xFFDF, 0xFFFF, 0xFFFF, 0xFFDE, 0xFFFF,
  0xFFFF, 0xFFFF, 0xFFFF, 0xFFFF, 0xFFFF, 0xFFFF, 0xFFFF, 0xFFFF, 0xFFFF, 0xFFFF, 0xFFFF, 0xFFFF,
  0xFFFF, 0xFFFF, 0xAD58, 0x0025, 0x194A, 0x0086, 0x424C, 0xCE7C, 0xFFFF, 0xFFDF, 0xFFFF, 0xFFFF,
  0xFFFF, 0xFFFF, 0xFFFF, 0xFFFE, 0xFFDE, 0xFFDE, 0xFFFE, 0xFFFF, 0xFFFF, 0xFFFF, 0xFFFF, 0xFFFF,
  0xFFFF, 0xFFFF, 0xFFFF, 0xFFFF, 0xFFFF, 0xFFFF, 0xFFFF, 0xFFFF, 0xFFFF, 0xFFFF, 0xFFFF, 0xFFFF,
  0xFFFF, 0xFFFF, 0xFFFF, 0xFFFF, 0xFFFF, 0xFFFF, 0xD6BC, 0x3A0C, 0x10E9, 0x216B, 0x0025, 0x532E,
  0xDF7D, 0xF7DE, 0xFFDF, 0xFF9F, 0xFFDF, 0xFFDF, 0xFFDF, 0xFFDF, 0xFFFF, 0xFFFF, 0xFFDF, 0xFFDF,
  0xF7DF, 0x8C92, 0x0000, 0xAD96, 0xFFFF, 0xF7DF, 0xFFFF, 0xFFFF, 0xFFFF, 0xF7DE, 0xFFFF, 0xFFBF,
  0xFF9F, 0xFFDF, 0xFFFF, 0xFFFF, 0xF7FF, 0xD73D, 0x1989, 0x08E8, 0x218B, 0x0025, 0x7C32, 0xFFFF,
  0xFFFF, 0xFFFF, 0xFFFF, 0xFFFF, 0xFFFF, 0xB5F9, 0x00C7, 0x19AC, 0x0067, 0x422D, 0xD6DD, 0xFFFF,
  0xFFFF, 0xFFFF, 0xFFFF, 0xFFFF, 0xFFFF, 0xFFFF, 0xFFFF, 0xFFFF, 0xFFFF, 0xFFFF, 0xFFFF, 0xFFFF,
  0xFFFF, 0xFFFE, 0xFFFF, 0xFFFF, 0xFFFF, 0xFFFF, 0xF7DF, 0xFFFF, 0xFFFF, 0x94F5, 0x2149, 0x10C7,
  0x31CB, 0x0045, 0x530E, 0xCE9C, 0xFFFF, 0xF79F, 0x6B51, 0x0025, 0x196B, 0x08C8, 0x2168, 0xAD77,
  0xFFFF, 0xFFDF, 0xFFDF, 0xFFDF, 0xFFFF, 0xFFFF, 0xFFBF, 0xFFFF, 0xFFFF, 0xFFDF, 0xFFFF, 0xFFFF,
  0xFFFF, 0xFFFF, 0xFFDF, 0xFFFF, 0xFFFF, 0xFFFF, 0xFFFF, 0xFFFF, 0xFFFF, 0xFFFF, 0xFFFF, 0xFFFF,
  0xFFFF, 0xFFFF, 0xFFFF, 0xFFFF, 0xFFFF, 0xFFFF, 0xFFFF, 0xFFFF, 0xFFFF, 0xFFDF, 0xFFDF, 0xFFFF,
  0xFFFF, 0xFFFF, 0x9D38, 0x0025, 0x216B, 0x08A7, 0x3A4B, 0xCEBC, 0xFFFF, 0xFFDF, 0xFFFF, 0xFFDF,
  0xFFFF, 0xFFFF, 0xFFFF, 0xFFFF, 0xEF5D, 0xF79E, 0xE71C, 0xDEFB, 0xDEDB, 0xD6BB, 0xD6BB, 0xE73D,
  0x8472, 0x4A8A, 0xEF7E, 0xF7BF, 0xEF9E, 0xF7DF, 0xFFFF, 0x8C73, 0x52AB, 0xEF7E, 0xF7DF, 0xF7DF,
  0xC659, 0x0000, 0xC638, 0xFFFF, 0xF7DF, 0xFFFF, 0x9493, 0x6B4E, 0xEF7E, 0xFFDF, 0xEF9E, 0xFFFF,
  0xBDF8, 0x2125, 0xDEFB, 0xFFFF, 0xFFFF, 0xFFFF, 0xFFDF, 0xFFFF, 0xFFFF, 0xFFFF, 0xFFFF, 0xFFFF,
  0xFFFF, 0xFFFF, 0xFFFF, 0xFFFF, 0xFFFF, 0xFFFF, 0xFFFF, 0xFFFF, 0xFFFF, 0xFFFF, 0xFFFF, 0xFFFF,
  0xFFFF, 0xFFFF, 0xAD58, 0x0025, 0x194A, 0x0087, 0x422C, 0xCE9C, 0xFFFF, 0xFFDF, 0xFFFF, 0xFFFE,
  0xFFFF, 0xFFFF, 0xFFFF, 0xFFFF, 0xFFFF, 0xFFFF, 0xFFFF, 0xFFFF, 0xFFFF, 0xFFFF, 0xFFFF, 0xFFFF,
  0xFFFF, 0xFFFF, 0xFFFF, 0xFFFF, 0xFFFF, 0xFFFF, 0xFFFF, 0xFFFF, 0xFFFF, 0xFFFF, 0xFFFF, 0xFFFF,
  0xFFFF, 0xFFFF, 0xFFFF, 0xFFFF, 0xFFFF, 0xFFFF, 0xFFFF, 0x73B1, 0x0025, 0x214A, 0x29CB, 0x0023,
  0x8CF4, 0xF7FF, 0xEF9E, 0xFFDF, 0xFFDF, 0xFFDE, 0xFFFE, 0xFFDE, 0xFFFF, 0xFFFF, 0xFFDF, 0xFFBF,
  0xFFFF, 0xA535, 0x0000, 0xCE9A, 0xFFFF, 0xF7DF, 0xFFFF, 0xFFFF, 0xF7DF, 0xFFDF, 0xFFDF, 0xFF9F,
  0xFFDF, 0xFFDF, 0xF7BE, 0xF7DE, 0xEFDF, 0x7432, 0x0024, 0x21AB, 0x0066, 0x424D, 0xD6DD, 0xFFFF,
  0xFFFF, 0xFFFF, 0xFFFF, 0xFFFF, 0xFFFF, 0xB5F9, 0x00C7, 0x198B, 0x0067, 0x422D, 0xD6DD, 0xFFFF,
  0xFFFF, 0xFFFF, 0xFFFF, 0xFFFF, 0xFFFF, 0xFFFF, 0xFFFF, 0xFFFF, 0xFFFF, 0xFFFF, 0xFFFF, 0xFFFF,
  0xFFFF, 0xFFFF, 0xFFFF, 0xF7DE, 0xFFFF, 0xFFDF, 0xFFFF, 0xFFFF, 0xFFFF, 0xF7DF, 0xB5B9, 0x3A0C,
  0x0045, 0x29AA, 0x0044, 0x4ACE, 0xBDFA, 0xF7BF, 0x6351, 0x0005, 0x198B, 0x0909, 0x1948, 0xA577,
  0xFFFF, 0xF7BE, 0xFFFF, 0xFFDF, 0xFFDF, 0xDEFC, 0x8411, 0xD6BB, 0xFFFF, 0xFFFF, 0xF7BE, 0xFFDF,
  0xFFFF, 0xFFDF, 0xFFFF, 0xFFFF, 0xFFFF, 0xFFFF, 0xFFFF, 0xFFFF, 0xFFFF, 0xFFFF, 0xFFFF, 0xFFFF,
  0xFFFF, 0xFFFF, 0xFFFF, 0xFFFF, 0xFFFF, 0xFFFF, 0xFFFF, 0xFFFF, 0xFFFF, 0xFFDF, 0xFFFF, 0xFFFF,
  0xFFFF, 0xFFFF, 0x73B2, 0x0025, 0x218B, 0x0065, 0x42AC, 0xE77E, 0xFFFF, 0xFFFF, 0xFFFF, 0xFFFF,
  0xFFFF, 0xFFDF, 0xFFDF, 0xFFFF, 0xFFFF, 0xF79E, 0xFFDF, 0xE73C, 0xE71C, 0xD6DB, 0xE71C, 0xD6BB,
  0xDEFC, 0x7BF0, 0x634E, 0xEF9E, 0xF7BE, 0xF7BE, 0xF7DF, 0xFFDF, 0x8C52, 0x5AED, 0xEF7E, 0xFFFF,
  0xCE5A, 0x0000, 0xBE38, 0xFFFF, 0xF7DF, 0x8C92, 0x73AF, 0xF7BF, 0xF7BF, 0xF7BF, 0xFFFF, 0xC659,
  0x52AB, 0xD6BB, 0xFFDF, 0xF7DF, 0xFFFF, 0xFFFF, 0xFFFF, 0xFFFF, 0xFFFF, 0xFFDF, 0xFFFF, 0xFFFF,
  0xFFFF, 0xFFFF, 0xFFFF, 0xFFFF, 0xFFFF, 0xFFFF, 0xFFFF, 0xFFFF, 0xFFFF, 0xFFFF, 0xFFFF, 0xFFFF,
  0xFFFF, 0xFFFF, 0xAD58, 0x0025, 0x192A, 0x0087, 0x3A0C, 0xD6BD, 0xFFFF, 0xFFDF, 0xFFFF, 0xFFFF,
  0xFFFF, 0xFFFF, 0xFFFF, 0xFFFF, 0xFFFF, 0xFFFF, 0xFFFF, 0xFFFF, 0xFFFF, 0xFFFF, 0xFFFF, 0xFFFF,
  0xFFDF, 0xFFDF, 0xFFFF, 0xFFFF, 0xFFFF, 0xFFFF, 0xFFFF, 0xFFFF, 0xFFFF, 0xFFFF, 0xFFFF, 0xFFFF,
  0xFFFF, 0xFFFF, 0xFFFF, 0xFFDF, 0xFFFF, 0xFFFF, 0xFFDF, 0xD6BC, 0x424C, 0x08A7, 0x1108, 0x29CB,
  0x0023, 0xADB8, 0xF7DF, 0xEF9E, 0xF7FF, 0xF7DE, 0xFFFE, 0xFFFF, 0xFFDF, 0xFFDF, 0xFFDF, 0xF79F,
  0xFFFF, 0xBDD8, 0x0000, 0xE73D, 0xFFFF, 0xFFDF, 0xFFFF, 0xFFFF, 0xFFDF, 0xFFDF, 0xFFBF, 0xFFBF,
  0xFFDF, 0xF79E, 0xFFDF, 0xF7FF, 0xA577, 0x0044, 0x29AB, 0x214A, 0x0025, 0x8C74, 0xFFDF, 0xFFFF,
  0xFFFF, 0xFFFF, 0xFFFF, 0xFFDF, 0xFFFF, 0xB5FA, 0x08E8, 0x19AC, 0x0067, 0x422D, 0xD6DD, 0xFFFF,
  0xFFFF, 0xFFFF, 0xFFFF, 0xFFFF, 0xFFFF, 0xFFFF, 0xFFFF, 0xFFFF, 0xFFFF, 0xFFFF, 0xFFFF, 0xFFFF,
  0xFFFF, 0xFFFF, 0xF7BD, 0xFFFF, 0xFFFF, 0xFFFF, 0xFFFF, 0xFFFF, 0xFFDF, 0xFFFF, 0xFFFF, 0xC65B,
  0x52CD, 0x0065, 0x31EB, 0x0086, 0x08A6, 0x94B7, 0x52F0, 0x0046, 0x114B, 0x1109, 0x1948, 0xA597,
  0xFFFF, 0xFFDF, 0xFFDF, 0xFFFF, 0xFFFF, 0x7C32, 0x0042, 0x4A8B, 0x9D36, 0xEFBF, 0xFFFF, 0xFFDF,
  0xFFFF, 0xF7BF, 0xFFFF, 0xFFFF, 0xFFFF, 0xFFFF, 0xFFFF, 0xFFFF, 0xFFFF, 0xFFFF, 0xFFFF, 0xFFFF,
  0xFFFF, 0xFFFF, 0xFFFF, 0xFFFF, 0xFFFF, 0xFFFF, 0xFFFF, 0xFFFF, 0xFFFF, 0xFFFF, 0xFFFF, 0xF7BF,
  0xFFFF, 0xCE9C, 0x31CB, 0x1108, 0x216A, 0x0024, 0x7C11, 0xFFFF, 0xFFFF, 0xFFFF, 0xFFFF, 0xFFFF,
  0xFFFF, 0xFFDF, 0xFFFF, 0xFFFF, 0xFFFF, 0xFFFF, 0xEF5D, 0xEF5D, 0xE73C, 0xDEFC, 0xD6BB, 0xDEFC,
  0xD6DB, 0xDEFC, 0x6BAF, 0x73F0, 0xF7BE, 0xF7BE, 0xEF9E, 0xF7BF, 0xF7DF, 0x8C93, 0x4249, 0xF7BF,
  0xDEDC, 0x0001, 0xC65A, 0xFFFF, 0x8471, 0x7BEF, 0xF7DF, 0xF7DF, 0xEF9E, 0xFFFF, 0xCE7A, 0x0021,
  0xCE59, 0xFFFF, 0xFFFF, 0xFFDF, 0xFFFF, 0xFFFF, 0xFFFF, 0xFFDF, 0xFFFF, 0xFFFF, 0xFFFF, 0xFFFF,
  0xFFFF, 0xFFFF, 0xFFFF, 0xFFFF, 0xFFFF, 0xFFFF, 0xFFFF, 0xFFFF, 0xFFFF, 0xFFFF, 0xFFFF, 0xFFFF,
  0xFFFF, 0xFFFF, 0xAD58, 0x0025, 0x194A, 0x0066, 0x424D, 0xD69D, 0xFFDF, 0xFFFF, 0xFFDF, 0xFFFF,
  0xFFFF, 0xFFFF, 0xFFFF, 0xFFFF, 0xFFDF, 0xFFFF, 0xFFFF, 0xFFFF, 0xFFFF, 0xFFFF, 0xFFDF, 0xFFFF,
  0xFFFF, 0xFFFF, 0xFFFF, 0xFFFF, 0xFFFF, 0xFFFF, 0xFFFF, 0xFFDF, 0xFFFF, 0xFFFF, 0xFFFF, 0xFFFF,
  0xFFFF, 0xFFFF, 0xFFFF, 0xFFFF, 0xFFFF, 0xFFDF, 0xFFFF, 0xFFDF, 0x9CF5, 0x0023, 0x29CB, 0x1929,
  0x218A, 0x0024, 0xAD98, 0xF7DF, 0xF7DF, 0xEFDE, 0xF7FF, 0xFFFF, 0xFFDF, 0xFFDF, 0xFFDF, 0xF7BF,
  0xFFFF, 0xCE5A, 0x4209, 0xEF7E, 0xFFFF, 0xFFDF, 0xFFDF, 0xFFDF, 0xFFDF, 0xFFDF, 0xFFBF, 0xFFFF,
  0xFFDF, 0xFFDF, 0xFFFF, 0xB5F9, 0x0023, 0x298A, 0x216A, 0x0866, 0x5ACE, 0xE6FE, 0xFFFF, 0xFFFF,
  0xFFFF, 0xFFFF, 0xFFFF, 0xFFDF, 0xFFFF, 0xBDFA, 0x08E8, 0x198B, 0x0067, 0x422D, 0xD6DD, 0xFFFF,
  0xFFFF, 0xFFFF, 0xFFFF, 0xFFFF, 0xFFFF, 0xFFFF, 0xFFFF, 0xFFFF, 0xFFFF, 0xFFFF, 0xFFFF, 0xFFFF,
  0xFFFF, 0xFFFF, 0xFFFF, 0xFFDE, 0xFFFF, 0xFFFF, 0xFFFF, 0xFFFF, 0xFFFF, 0xFFFF, 0xFFFF, 0xF7FF,
  0xD6DC, 0x4A8C, 0x0044, 0x29EB, 0x10E8, 0x0005, 0x08A8, 0x110A, 0x08EA, 0x0909, 0x1948, 0xAD97,
  0xFFFF, 0xFFFF, 0xFFFF, 0xFFFF, 0xF7FF, 0xA577, 0x10E5, 0x2167, 0x1106, 0x52EE, 0xB5FA, 0xF7BF,
  0xFFFF, 0xFFFF, 0xFFFF, 0xFFDF, 0xFFFF, 0xFFFF, 0xFFFF, 0xFFFF, 0xFFFF, 0xFFFF, 0xFFFF, 0xFFFF,
  0xFFFF, 0xFFFF, 0xFFFF, 0xFFFF, 0xFFFF, 0xFFFF, 0xFFFF, 0xFFFF, 0xFFFF, 0xFFFF, 0xFFFF, 0xF7FF,
  0xEFDF, 0x6BB1, 0x0025, 0x216A, 0x29AA, 0x0003, 0xBDF9, 0xFFFF, 0xFFFF, 0xFFDF, 0xFFFE, 0xFFFE,
  0xFFFF, 0xFFFF, 0xFFFF, 0xFFFF, 0xFFFF, 0xFFFF, 0xFFDF, 0xFFBE, 0xEF5D, 0xDEFB, 0xDEFC, 0xDEFC,
  0xD6BB, 0xDEFC, 0xDF1D, 0x5B2D, 0x8431, 0xF7BF, 0xF7BF, 0xF7BF, 0xF7DF, 0xF7DF, 0x8471, 0x5B0C,
  0xD6BC, 0x0022, 0xD69C, 0x9D15, 0x7C10, 0xF7DE, 0xF7BE, 0xEFBE, 0xFFFF, 0xD69A, 0x2945, 0xC639,
  0xFFFF, 0xF7BF, 0xFFFF, 0xFFFF, 0xFFFF, 0xFFFF, 0xFFFF, 0xFFFF, 0xFFFF, 0xFFFF, 0xFFFF, 0xFFFF,
  0xFFFF, 0xFFFF, 0xFFFF, 0xFFFF, 0xFFFF, 0xFFFF, 0xFFFF, 0xFFFF, 0xFFFF, 0xFFFF, 0xFFFF, 0xFFFF,
  0xFFFF, 0xFFFF, 0xA537, 0x0025, 0x192A, 0x0087, 0x422C, 0xD69C, 0xFFFF, 0xFFDF, 0xFFFF, 0xFFFF,
  0xFFFF, 0xFFFF, 0xFFFF, 0xFFFF, 0xFFFF, 0xFFFF, 0xFFFF, 0xFFFF, 0xFFFF, 0xFFFF, 0xFFFF, 0xFFFF,
  0xFFFF, 0xFFFF, 0xFFFF, 0xFFFF, 0xFFFF, 0xFFFF, 0xFFFF, 0xFFFF, 0xFFFF, 0xFFFF, 0xFFFF, 0xFFFF,
  0xFFDF, 0xFFFF, 0xFFFF, 0xFFFF, 0xFFFF, 0xFFFF, 0xFFFF, 0xFFFF, 0xF7BF, 0x6B6F, 0x0044, 0x218A,
  0x1109, 0x214A, 0x0024, 0x94F5, 0xEF9F, 0xF7FF, 0xF7FF, 0xF7BF, 0xF7DF, 0xFFDF, 0xFFDF, 0xFFDF,
  0xFFFF, 0xD6BB, 0x7BF0, 0xFFDF, 0xF7DF, 0xFFDF, 0xFFFF, 0xFFDE, 0xFFDE, 0xFFFF, 0xF79E, 0xF7DE,
  0xFFFF, 0xF7DF, 0xA577, 0x0024, 0x1908, 0x2149, 0x2129, 0x0024, 0xBDD9, 0xFFFF, 0xFFDF, 0xFFFF,
  0xFFFF, 0xFFFF, 0xFFFF, 0xFFFF, 0xFFDF, 0xBDFA, 0x0908, 0x198B, 0x0067, 0x422D, 0xD6BD, 0xFFFF,
  0xFFDF, 0xFFFF, 0xFFFF, 0xFFFF, 0xFFFF, 0xFFFF, 0xFFFF, 0xFFFF, 0xFFFF, 0xFFFF, 0xFFFF, 0xFFFF,
  0xFFFF, 0xFFFF, 0xFFFF, 0xFFFF, 0xFFFF, 0xFFFF, 0xFFFF, 0xFFFF, 0xFFFF, 0xFFFF, 0xFFFF, 0xFFFF,
  0xFFFF, 0xD6FC, 0x6BB1, 0x0065, 0x29CC, 0x216B, 0x110A, 0x08EA, 0x010A, 0x094A, 0x1948, 0xADB9,
  0xFFFF, 0xF7BE, 0xFFFF, 0xFFFF, 0xF7FF, 0xEFDF, 0x7411, 0x0044, 0x320C, 0x0045, 0x216A, 0x73B3,
  0xAD99, 0xEF5F, 0xFFFF, 0xFFFF, 0xFFFF, 0xFFFF, 0xFFFF, 0xFFDF, 0xFFDF, 0xFFFF, 0xFFFF, 0xFFDF,
  0xFFFF, 0xFFDF, 0xFFFF, 0xFFFF, 0xFFFF, 0xFFFF, 0xFFFF, 0xFFBE, 0xFFFF, 0xFFFF, 0xFFFF, 0xEFDF,
  0x7C53, 0x0065, 0x112A, 0x216A, 0x0045, 0x6B70, 0xEF5E, 0xFFDF, 0xFFFF, 0xFFDF, 0xFFFF, 0xFFFE,
  0xFFFF, 0xFFFF, 0xFFFF, 0xFFFF, 0xFFFF, 0xFFFF, 0xFFFF, 0xFFDF, 0xEF5D, 0xE73C, 0xE71C, 0xDEFB,
  0xD6DB, 0xD6DB, 0xD6FC, 0xDEFD, 0x634E, 0x8452, 0xF7DF, 0xF7BF, 0xF7BE, 0xFFFF, 0xF7FF, 0x94D3,
  0x1905, 0x52CD, 0x52AD, 0x8C73, 0xF7BF, 0xEFBE, 0xEFBE, 0xFFFF, 0xD6BB, 0x4A49, 0xBDF8, 0xFFFF,
  0xFFDF, 0xFFFF, 0xFFFF, 0xFFFF, 0xFFFF, 0xFFFF, 0xFFFF, 0xFFFF, 0xFFFF, 0xFFFF, 0xFFFF, 0xFFFF,
  0xFFFF, 0xFFFF, 0xFFFF, 0xFFFF, 0xFFFF, 0xFFFF, 0xFFFF, 0xFFFF, 0xFFFF, 0xFFFF, 0xFFFF, 0xFFFF,
  0xFFFF, 0xFFFF, 0xA558, 0x0025, 0x194A, 0x0087, 0x422C, 0xCE7C, 0xFFDF, 0xFFDF, 0xFFFF, 0xFFFF,
  0xFFFF, 0xFFFF, 0xFFFF, 0xFFFF, 0xFFFF, 0xFFFF, 0xFFFF, 0xFFFF, 0xFFFF, 0xFFFF, 0xFFFF, 0xFFFF,
  0xFFFF, 0xFFFF, 0xFFFF, 0xFFFF, 0xFFFF, 0xFFFF, 0xFFFF, 0xFFFF, 0xFFFF, 0xFFFF, 0xFFFF, 0xFFFF,
  0xFFDF, 0xFFFF, 0xFFFF, 0xFFFF, 0xFFFF, 0xFFFF, 0xFFFF, 0xFFFF, 0xFFFF, 0xE73D, 0x634F, 0x0024,
  0x216A, 0x214A, 0x29AA, 0x0024, 0x530E, 0xBE5B, 0xEFDF, 0xFFFF, 0xF7DF, 0xF7FF, 0xF7DF, 0xF7DF,
  0xF7DF, 0xDEFC, 0xA555, 0xFFFF, 0xF7DF, 0xF7BE, 0xF7BE, 0xFFDF, 0xF7BE, 0xF7DF, 0xFFFF, 0xEFDF,
  0xCEDC, 0x6BD1, 0x0023, 0x216A, 0x2149, 0x296A, 0x0004, 0xBDFA, 0xF7BF, 0xFFFF, 0xFFDF, 0xFFFF,
  0xFFFF, 0xFFFF, 0xFFFF, 0xFFDF, 0xFFFF, 0xBDFA, 0x08E7, 0x19AC, 0x0088, 0x3A0D, 0xDEDD, 0xFFFF,
  0xFFDF, 0xFFFF, 0xFFFF, 0xFFFF, 0xFFFF, 0xFFFF, 0xFFFF, 0xFFFF, 0xFFFF, 0xFFFF, 0xFFFF, 0xFFFF,
  0xFFFF, 0xFFFF, 0xFFFF, 0xFFFF, 0xFFFF, 0xFFFF, 0xFFFF, 0xFFFF, 0xFFFF, 0xFFFF, 0xFFDF, 0xFFFF,
  0xFFDF, 0xFFFF, 0xE75E, 0x73F2, 0x0004, 0x29CC, 0x110A, 0x092A, 0x092A, 0x00E8, 0x1949, 0xB5D9,
  0xFFFF, 0xFFFF, 0xFFDF, 0xFFFF, 0xF7FF, 0xFFFF, 0xDF5E, 0x5B50, 0x0004, 0x31ED, 0x216B, 0x0046,
  0x10C7, 0x6370, 0x94F5, 0xCE9B, 0xF7BF, 0xFFFF, 0xFFFF, 0xFFFF, 0xFFFF, 0xFFFF, 0xFFFF, 0xFFFF,
  0xFFDE, 0xFFFF, 0xFFFF, 0xFFDF, 0xFFDF, 0xFFFF, 0xFFFF, 0xFFFF, 0xFFFF, 0xF7FF, 0xBE5A, 0x6BD1,
  0x0024, 0x198A, 0x194A, 0x10E8, 0x2969, 0xBDFA, 0xFFDF, 0xFFFF, 0xFFDF, 0xFFFF, 0xFFDE, 0xFFFE,
  0xFFFF, 0xFFFF, 0xFFFF, 0xFFFF, 0xFFFF, 0xFFFF, 0xFFFF, 0xFFFF, 0xF79E, 0xFFDF, 0xEF5D, 0xDEDB,
  0xE71C, 0xD6BB, 0xDEFC, 0xD6DC, 0xD6BC, 0x52AC, 0x94B4, 0xFFFF, 0xEFBE, 0xEF9D, 0xF7DE, 0xF7DE,
  0x9D15, 0x0002, 0x7C11, 0xF7DF, 0xF7BF, 0xEFBE, 0xF7DF, 0xD6FB, 0x0000, 0xB5D7, 0xFFFF, 0xFFFF,
  0xFFFF, 0xFFFF, 0xFFFF, 0xFFFF, 0xFFFF, 0xFFFF, 0xFFFF, 0xFFFF, 0xFFFF, 0xFFFF, 0xFFFF, 0xFFFF,
  0xFFFF, 0xFFFF, 0xFFFF, 0xFFFF, 0xFFFF, 0xFFFF, 0xFFFF, 0xFFFF, 0xFFDF, 0xFFFF, 0xFFFF, 0xFFFF,
  0xFFFF, 0xFFFF, 0xAD78, 0x0025, 0x192A, 0x0087, 0x422D, 0xD69D, 0xFFFF, 0xFFDF, 0xFFFF, 0xFFDF,
  0xFFFF, 0xFFFF, 0xFFFF, 0xFFFF, 0xFFFF, 0xFFFF, 0xFFFF, 0xFFFF, 0xFFFF, 0xFFFF, 0xFFFF, 0xFFFF,
  0xFFFF, 0xFFFF, 0xFFFF, 0xFFFF, 0xFFFF, 0xFFFF, 0xFFFF, 0xFFFF, 0xFFFF, 0xFFFF, 0xFFFF, 0xFFFF,
  0xFFDF, 0xFFFF, 0xFFFF, 0xFFFF, 0xFFFF, 0xFFFF, 0xFFFF, 0xFFFF, 0xF7BF, 0xFFFF, 0xE71E, 0x634F,
  0x0024, 0x298A, 0x216A, 0x29AB, 0x0045, 0x0024, 0x6371, 0xB5FA, 0xDF1E, 0xF7DF, 0xFFFF, 0xF7FF,
  0xFFFF, 0xF7DF, 0xEFBF, 0xFFFF, 0xEFBF, 0xFFFF, 0xF7BF, 0xFFFF, 0xF7DF, 0xE77F, 0xC65B, 0x7413,
  0x0045, 0x0024, 0x29CB, 0x218A, 0x216A, 0x0024, 0x9494, 0xF7BF, 0xF7DF, 0xFFFF, 0xFFFF, 0xFFDF,
  0xFFFF, 0xFFDF, 0xFFFF, 0xFFDF, 0xFFFF, 0xBE1A, 0x08E7, 0x19AB, 0x08A8, 0x422D, 0xDEDD, 0xFFFF,
  0xFFFF, 0xFFFF, 0xFFFF, 0xFFFF, 0xFFFF, 0xFFFF, 0xFFFF, 0xFFFF, 0xFFFF, 0xFFFF, 0xFFFF, 0xFFFF,
  0xFFFF, 0xFFFF, 0xFFFF, 0xFFFF, 0xFFFF, 0xFFFF, 0xFFFF, 0xFFFF, 0xFFFF, 0xFFFF, 0xFFFF, 0xFFFF,
  0xFFFF, 0xFFFF, 0xFFFF, 0xE75E, 0x7412, 0x0064, 0x21AA, 0x092A, 0x010A, 0x092A, 0x1929, 0xB5DA,
  0xFFFF, 0xFFDF, 0xFFFF, 0xFFFF, 0xFFFF, 0xFFFF, 0xF7FF, 0xDF3E, 0x6B91, 0x0025, 0x08C8, 0x216B,
  0x218B, 0x0086, 0x0044, 0x322B, 0x5B30, 0x8454, 0xAD79, 0xCE9C, 0xE75F, 0xF7BF, 0xF7DF, 0xFFFF,
  0xFFFF, 0xF7DF, 0xF7DF, 0xF7DF, 0xF7DF, 0xF79F, 0xDEFE, 0xC63B, 0x9D16, 0x6B71, 0x29AA, 0x0025,
  0x116A, 0x198B, 0x196A, 0x0025, 0x9CF6, 0xFFFF, 0xFFFF, 0xFFFF, 0xFFDF, 0xFFFF, 0xFFFE, 0xFFFE,
  0xFFFF, 0xFFFF, 0xFFFF, 0xFFFF, 0xFFFF, 0xFFFF, 0xFFFF, 0xFFFF, 0xFFFF, 0xEF5D, 0xF7BE, 0xE71C,
  0xDEFC, 0xDEDB, 0xD6BB, 0xDEFC, 0xDEFC, 0xDF1D, 0x422A, 0x9D15, 0xF7DF, 0xF7DE, 0xF7FE, 0xF7DF,
  0xFFFF, 0x9CF4, 0xE75E, 0xFFFF, 0xEF9E, 0xF7BF, 0xDF1C, 0x2966, 0xB596, 0xFFFF, 0xFFDF, 0xFFFF,
  0xFFFF, 0xFFDF, 0xFFFF, 0xFFFF, 0xFFFF, 0xFFFF, 0xFFFF, 0xFFFF, 0xFFFF, 0xFFFF, 0xFFFF, 0xFFFF,
  0xFFFF, 0xFFFF, 0xFFFF, 0xFFFF, 0xFFFF, 0xFFFF, 0xFFFF, 0xFFFF, 0xFFFF, 0xFFFF, 0xFFDF, 0xFFFF,
  0xFFFF, 0xFFFF, 0xAD58, 0x0025, 0x192A, 0x0087, 0x3A2C, 0xCE7C, 0xFFFF, 0xFFDF, 0xFFFF, 0xFFFF,
  0xFFFF, 0xFFFF, 0xFFFF, 0xFFFF, 0xFFFF, 0xFFFF, 0xFFFF, 0xFFFF, 0xFFFF, 0xFFFF, 0xFFFF, 0xFFFF,
  0xFFFF, 0xFFFF, 0xFFFF, 0xFFFF, 0xFFFF, 0xFFFF, 0xFFFF, 0xFFFF, 0xFFFF, 0xFFFF, 0xFFFF, 0xFFFF,
  0xFFDF, 0xFFFF, 0xFFFF, 0xFFFF, 0xFFFF, 0xFFFF, 0xFFFF, 0xFFFF, 0xFFFF, 0xFFDF, 0xFFFF, 0xEF7F,
  0x7BF2, 0x0024, 0x0066, 0x216A, 0x216B, 0x216B, 0x0025, 0x0004, 0x2989, 0x6B91, 0x9516, 0xB5D9,
  0xBE5A, 0xD6DD, 0xD6DD, 0xD6FD, 0xD6BD, 0xCE9C, 0xC63A, 0xAD57, 0x7C33, 0x3A2C, 0x0004, 0x0025,
  0x196B, 0x21AB, 0x1929, 0x08C7, 0x1948, 0x8C95, 0xF7DF, 0xF7DF, 0xFFFF, 0xFFFF, 0xF7DF, 0xFFFF,
  0xFFFF, 0xFFFF, 0xFFFF, 0xFFFF, 0xFFFF, 0xBE1A, 0x0907, 0x196A, 0x0087, 0x422C, 0xD6BC, 0xFFDF,
  0xFFFF, 0xFFDF, 0xFFFF, 0xFFFF, 0xFFFF, 0xFFFF, 0xFFFF, 0xFFFF, 0xFFFF, 0xFFFF, 0xFFFF, 0xFFFF,
  0xFFFF, 0xFFFF, 0xFFFF, 0xFFFF, 0xFFFF, 0xFFFF, 0xFFFF, 0xFFFF, 0xFFFF, 0xFFFF, 0xFFFF, 0xFFFF,
  0xFFFF, 0xFFFF, 0xF7DF, 0xFFFF, 0xF7FF, 0x7C32, 0x0044, 0x196A, 0x092A, 0x08E9, 0x1929, 0xBDFA,
  0xFFFF, 0xFFDF, 0xFFFF, 0xFFFF, 0xFFFE, 0xFFFF, 0xF7DF, 0xFFFF, 0xEF9F, 0x9D37, 0x3A4D, 0x10E8,
  0x00A7, 0x29EB, 0x19AA, 0x0908, 0x0046, 0x0046, 0x10C7, 0x31EB, 0x52CE, 0x5B0F, 0x634F, 0x6BD1,
  0x73F1, 0x73F2, 0x7C12, 0x6B91, 0x5B30, 0x5B30, 0x4AAE, 0x216A, 0x0005, 0x0025, 0x1109, 0x218B,
  0x196A, 0x0086, 0x0065, 0x8C95, 0xFFDF, 0xFFFF, 0xFFDE, 0xFFFF, 0xFFFF, 0xFFFF, 0xFFFF, 0xFFFE,
  0xFFFF, 0xFFFF, 0xFFFF, 0xFFFF, 0xFFFF, 0xFFFF, 0xFFFF, 0xFFFF, 0xFFFF, 0xFFFF, 0xEF5D, 0xEF5D,
  0xDEFC, 0xE73C, 0xDEFC, 0xD6BB, 0xDEFC, 0xDEFD, 0xD6DC, 0x422A, 0x9D35, 0xF7BF, 0xEF9E, 0xF7DE,
  0xEF9E, 0x94B3, 0xDEDC, 0xF7DF, 0xFFFF, 0xE73D, 0x3A09, 0xAD97, 0xFFFF, 0xFFDF, 0xFFDF, 0xFFFF,
  0xFFDF, 0xFFFF, 0xFFFF, 0xFFFF, 0xFFFF, 0xFFFF, 0xFFFF, 0xFFFF, 0xFFFF, 0xFFFF, 0xFFFF, 0xFFFF,
  0xFFFF, 0xFFFF, 0xFFFF, 0xFFFF, 0xFFFF, 0xFFFF, 0xFFFF, 0xFFFF, 0xFFDF, 0xFFFF, 0xFFFF, 0xFFFF,
  0xFFFF, 0xFFFF, 0xA557, 0x0045, 0x194A, 0x08C8, 0x424D, 0xCE9C, 0xFFFF, 0xFFFF, 0xFFFF, 0xFFFF,
  0xFFFF, 0xFFFF, 0xFFFF, 0xFFFF, 0xFFFF, 0xFFFF, 0xFFFF, 0xFFFF, 0xFFFF, 0xFFFF, 0xFFFF, 0xFFFF,
  0xFFFF, 0xFFFF, 0xFFFF, 0xFFFF, 0xFFFF, 0xFFFF, 0xFFFF, 0xFFFF, 0xFFFF, 0xFFFF, 0xFFFF, 0xFFFF,
  0xFFFF, 0xFFFF, 0xFFFF, 0xFFFF, 0xFFFF, 0xFFFF, 0xFFFF, 0xFFFF, 0xFFFF, 0xFFFF, 0xFFBF, 0xFFFF,
  0xF7BF, 0xA557, 0x5B0F, 0x0025, 0x10E9, 0x192A, 0x29AC, 0x298B, 0x10C7, 0x0045, 0x0024, 0x0024,
  0x0045, 0x0065, 0x0024, 0x0886, 0x0066, 0x0004, 0x0025, 0x0004, 0x0004, 0x08A7, 0x29AC, 0x31CD,
  0x29AC, 0x1109, 0x1108, 0x3A2B, 0xADB9, 0xFFFF, 0xF7FF, 0xFFFF, 0xFFFF, 0xFFFF, 0xFFFF, 0xFFFF,
  0xFFFF, 0xFFFF, 0xFFDF, 0xFFFF, 0xFFDF, 0xC61A, 0x0907, 0x21CB, 0x10E8, 0x424C, 0xDEDD, 0xFFFF,
  0xFFFF, 0xFFFF, 0xFFFF, 0xFFFF, 0xFFFF, 0xFFFF, 0xFFFF, 0xFFFF, 0xFFFF, 0xFFFF, 0xFFFF, 0xFFFF,
  0xFFFF, 0xFFFF, 0xFFFF, 0xFFFF, 0xFFFF, 0xFFFF, 0xFFFF, 0xFFFF, 0xFFFF, 0xFFFF, 0xFFDF, 0xFFFF,
  0xFFFF, 0xFFFF, 0xFFFF, 0xFFFF, 0xFFFF, 0xFFFF, 0x8C94, 0x0044, 0x196A, 0x218B, 0x2989, 0xBE19,
  0xFFFF, 0xFFDF, 0xFFDF, 0xFFFF, 0xFFFF, 0xFFFF, 0xFFFF, 0xF7DF, 0xFFFF, 0xFFFF, 0xDF1E, 0x8474,
  0x3A6C, 0x1108, 0x0087, 0x1109, 0x196B, 0x216B, 0x216B, 0x1109, 0x0086, 0x0045, 0x0045, 0x0045,
  0x0025, 0x0025, 0x0025, 0x0046, 0x0046, 0x0046, 0x0088, 0x110A, 0x298C, 0x296B, 0x192A, 0x08C8,
  0x0025, 0x5B50, 0xA577, 0xFFFF, 0xFFFF, 0xFFDE, 0xFFFE, 0xFFFF, 0xFFFF, 0xFFFF, 0xFFFF, 0xFFFF,
  0xFFFF, 0xFFFF, 0xFFFF, 0xFFFF, 0xFFFF, 0xFFFF, 0xFFFF, 0xFFFF, 0xFFFF, 0xFFFF, 0xF7BF, 0xFFDF,
  0xEF7D, 0xE71C, 0xDEDB, 0xDEFB, 0xD6DB, 0xCE9B, 0xDEFD, 0xCE9B, 0x422A, 0xAD96, 0xF7DF, 0xF7DF,
  0xCE7A, 0x0021, 0xD6BB, 0xFFFF, 0xD6DB, 0x18E3, 0xAD76, 0xFFFF, 0xFFFF, 0xFFDF, 0xFFFF, 0xFFDF,
  0xFFFF, 0xFFFF, 0xFFFF, 0xFFFF, 0xFFFF, 0xFFFF, 0xFFFF, 0xFFFF, 0xFFFF, 0xFFFF, 0xFFFF, 0xFFFF,
  0xFFFF, 0xFFFF, 0xFFFF, 0xFFFF, 0xFFFF, 0xFFFF, 0xFFFF, 0xFFFF, 0xFFFF, 0xFFFF, 0xFFFF, 0xFFFF,
  0xFFDE, 0xFFFF, 0xAD78, 0x0044, 0x1929, 0x0066, 0x3A2C, 0xCE9C, 0xFFFF, 0xFFDF, 0xFFFF, 0xFFFF,
  0xFFFF, 0xFFFF, 0xFFFF, 0xFFFF, 0xFFFF, 0xFFFF, 0xFFFF, 0xFFFF, 0xFFFF, 0xFFFF, 0xFFFF, 0xFFFF,
  0xFFFF, 0xFFFF, 0xFFFF, 0xFFFF, 0xFFFF, 0xFFFF, 0xFFFF, 0xFFFF, 0xFFFF, 0xFFFF, 0xFFFF, 0xFFFF,
  0xFFFF, 0xFFFF, 0xFFFF, 0xFFFF, 0xFFFF, 0xFFFF, 0xFFFF, 0xFFFF, 0xF7DF, 0xFFFF, 0xFFFF, 0xFFFF,
  0xFFFF, 0xFFFF, 0xD6DD, 0x7C13, 0x3A0C, 0x10C8, 0x0046, 0x10C7, 0x216A, 0x298A, 0x31EC, 0x29AB,
  0x216A, 0x192A, 0x194A, 0x194A, 0x1909, 0x218B, 0x298B, 0x31EC, 0x3A0C, 0x298B, 0x18E9, 0x0047,
  0x0025, 0x29AA, 0x73F2, 0xDF3E, 0xF7FF, 0xF7DF, 0xFFFF, 0xFFFF, 0xFFDE, 0xFFFF, 0xFFFF, 0xFFFF,
  0xFFFF, 0xFFFF, 0xFFDF, 0xFFFF, 0xFFFF, 0xBDF8, 0x0064, 0x1128, 0x0066, 0x31AA, 0xDEDC, 0xFFFF,
  0xFFFF, 0xFFFF, 0xFFFF, 0xFFFF, 0xFFFF, 0xFFFF, 0xFFFF, 0xFFFF, 0xFFFF, 0xFFFF, 0xFFFF, 0xFFFF,
  0xFFFF, 0xFFFF, 0xFFFF, 0xFFFF, 0xFFFF, 0xFFFF, 0xFFFF, 0xFFFF, 0xFFDF, 0xFFFF, 0xFFDF, 0xFFFF,
  0xFFFF, 0xF7BE, 0xFFDF, 0xFFFF, 0xFFDF, 0xFFDF, 0xFFFF, 0xAD98, 0x0024, 0x0044, 0x0043, 0xC639,
  0xFFFF, 0xFFDF, 0xFFFF, 0xFFDF, 0xFFFF, 0xFFFF, 0xFFDF, 0xFFFF, 0xFFDF, 0xFFFF, 0xFFFF, 0xF7FF,
  0xE75F, 0x9D17, 0x5B30, 0x322C, 0x1949, 0x00A7, 0x0066, 0x08C8, 0x1109, 0x194A, 0x218B, 0x29AB,
  0x29AC, 0x29CC, 0x29CC, 0x29AC, 0x29AC, 0x216B, 0x192A, 0x10E9, 0x0046, 0x0887, 0x1929, 0x428D,
  0x8474, 0xDF3E, 0xFFDF, 0xFFFF, 0xFFBE, 0xFFFF, 0xFFFE, 0xFFFF, 0xFFFF, 0xFFFF, 0xFFFF, 0xFFFF,
  0xFFFF, 0xFFFF, 0xFFFF, 0xFFFF, 0xFFFF, 0xFFFF, 0xFFFF, 0xFFFF, 0xFFFF, 0xFFDF, 0xFFFF, 0xF7BF,
  0xEF5D, 0xE73C, 0xE6FB, 0xDEFB, 0xD6DB, 0xD6DB, 0xD6BC, 0xDEFC, 0xD6DC, 0x4249, 0xAD76, 0xFFFF,
  0xEF9F, 0xD6DC, 0xFFFF, 0xD6DB, 0x630C, 0xAD95, 0xFFFF, 0xFFDF, 0xFFFF, 0xFFFF, 0xFFFF, 0xFFFF,
  0xFFDF, 0xFFFF, 0xFFFF, 0xFFFF, 0xFFFF, 0xFFFF, 0xFFFF, 0xFFFF, 0xFFFF, 0xFFFF, 0xFFFF, 0xFFFF,
  0xFFFF, 0xFFFF, 0xFFFF, 0xFFFF, 0xFFFF, 0xFFFF, 0xFFFF, 0xFFFF, 0xFFFF, 0xFFFF, 0xFFFF, 0xFFFF,
  0xFFFF, 0xF7FF, 0xA537, 0x1907, 0x2189, 0x1928, 0x4AAD, 0xD6BC, 0xFFFF, 0xFFFF, 0xFFFF, 0xFFFF,
  0xFFFF, 0xFFFF, 0xFFFF, 0xFFFF, 0xFFFF, 0xFFFF, 0xFFFF, 0xFFFF, 0xFFFF, 0xFFFF, 0xFFFF, 0xFFFF,
  0xFFFF, 0xFFFF, 0xFFFF, 0xFFFF, 0xFFFF, 0xFFFF, 0xFFFF, 0xFFFF, 0xFFFF, 0xFFFF, 0xFFFF, 0xFFFF,
  0xFFFF, 0xFFFF, 0xFFFF, 0xFFFF, 0xFFFF, 0xFFFF, 0xFFFF, 0xFFFF, 0xFFFF, 0xF7DF, 0xFFFF, 0xFFFF,
  0xFFDF, 0xFFFF, 0xFFFF, 0xFFFF, 0xD6FD, 0x8CB4, 0x52CD, 0x3A0B, 0x08C6, 0x0065, 0x08A7, 0x0087,
  0x08E9, 0x110A, 0x1109, 0x112A, 0x1109, 0x1109, 0x08A7, 0x0065, 0x0045, 0x0024, 0x2969, 0x6350,
  0x8433, 0xD69C, 0xFFFF, 0xFFFF, 0xFFFF, 0xFFFF, 0xFFFF, 0xFFFF, 0xFFFF, 0xFFFF, 0xFFFF, 0xFFDF,
  0xFFFF, 0xFFFF, 0xFFFF, 0xFFFF, 0xFFFF, 0xBE19, 0x322B, 0x324C, 0x29CB, 0x52AE, 0xD6BC, 0xFFFF,
  0xFFFF, 0xFFFF, 0xFFFF, 0xFFFF, 0xFFFF, 0xFFFF, 0xFFFF, 0xFFFF, 0xFFFF, 0xFFFF, 0xFFFF, 0xFFFF,
  0xFFFF, 0xFFFF, 0xFFFF, 0xFFFF, 0xFFFF, 0xFFFF, 0xFFFF, 0xFFFF, 0xFFFF, 0xFFFF, 0xFFFF, 0xFFFF,
  0xFFFF, 0xFFFF, 0xFFFF, 0xFFDF, 0xFFBF, 0xFFDF, 0xFFBF, 0xF7BF, 0x94F5, 0x5B4E, 0x7C10, 0xDEDB,
  0xFFFF, 0xFFFF, 0xFFFF, 0xFFDF, 0xFFDF, 0xFFDF, 0xFFFF, 0xFFDF, 0xFFFF, 0xFFFF, 0xFFFF, 0xFFFF,
  0xFFDF, 0xFFDF, 0xF7DF, 0xCEBC, 0x9D36, 0x7412, 0x4ACD, 0x3A4B, 0x31EB, 0x298A, 0x1908, 0x0887,
  0x0046, 0x0025, 0x0045, 0x0886, 0x10E7, 0x1928, 0x2189, 0x29CA, 0x426C, 0x6BB0, 0x9D56, 0xDF3D,
  0xFFFF, 0xFFFF, 0xFFFF, 0xFFDF, 0xFFFF, 0xFFFF, 0xFFFF, 0xF7FF, 0xFFFF, 0xFFFF, 0xFFFF, 0xFFFF,
  0xFFFF, 0xFFFF, 0xFFFF, 0xFFFF, 0xFFFF, 0xFFFF, 0xFFFF, 0xFFFF, 0xFFFF, 0xFFFF, 0xFFDF, 0xFFFF,
  0xF79E, 0xFFDF, 0xEF5C, 0xDEFB, 0xDEFB, 0xDEFB, 0xD6BB, 0xDEDC, 0xD6BB, 0xD6BB, 0x5ACC, 0x9CF4,
  0xD6BB, 0xCE7B, 0xA515, 0x52AA, 0xC638, 0xFFFF, 0xFFFF, 0xFFFF, 0xFFFF, 0xFFFF, 0xFFFF, 0xFFFF,
  0xFFFF, 0xFFFF, 0xFFFF, 0xFFFF, 0xFFFF, 0xFFFF, 0xFFFF, 0xFFFF, 0xFFFF, 0xFFFF, 0xFFFF, 0xFFFF,
  0xFFFF, 0xFFFF, 0xFFFF, 0xFFFF, 0xFFFF, 0xFFFF, 0xFFFF, 0xFFFF, 0xFFFF, 0xFFFF, 0xFFFF, 0xFFFF,
  0xFFFF, 0xFFFF, 0xE73E, 0xC65B, 0xBE5B, 0xB619, 0xB5D8, 0xEF9E, 0xFFFF, 0xFFFF, 0xFFFF, 0xFFFF,
  0xFFFF, 0xFFFF, 0xFFFF, 0xFFFF, 0xFFFF, 0xFFFF, 0xFFFF, 0xFFFF, 0xFFFF, 0xFFFF, 0xFFFF, 0xFFFF,
  0xFFFF, 0xFFFF, 0xFFFF, 0xFFFF, 0xFFFF, 0xFFFF, 0xFFFF, 0xFFFF, 0xFFFF, 0xFFFF, 0xFFFF, 0xFFFF,
  0xFFFF, 0xFFFF, 0xFFFF, 0xFFFF, 0xFFFF, 0xFFFF, 0xFFFF, 0xFFFF, 0xFFFF, 0xFFFF, 0xFFFF, 0xFFFF,
  0xFFFF, 0xFFFF, 0xFFFF, 0xFFFF, 0xFFFF, 0xFFFF, 0xEFBF, 0xC65A, 0x9D36, 0x73D1, 0x4A8D, 0x3A4D,
  0x3A4D, 0x29AB, 0x29AB, 0x29AB, 0x29CB, 0x31EB, 0x3A2C, 0x6391, 0x8CB5, 0x94B5, 0xC61A, 0xE75F,
  0xFFFF, 0xFFFF, 0xFFDF, 0xFFFF, 0xFFFF, 0xFFFF, 0xFFFF, 0xFFFF, 0xFFFF, 0xFFFF, 0xFFDF, 0xFFFF,
  0xFFFF, 0xFFFF, 0xFFFF, 0xFFDF, 0xFFFF, 0xEF7E, 0xC67B, 0xC6BD, 0xCE9D, 0xCE9C, 0xF7DF, 0xFFFF,
  0xFFFF, 0xFFFF, 0xFFFF, 0xFFFF, 0xFFFF, 0xFFFF, 0xFFFF, 0xFFFF, 0xFFFF, 0xFFFF, 0xFFFF, 0xFFFF,
  0xFFFF, 0xFFFF, 0xFFFF, 0xFFFF, 0xFFFF, 0xFFFF, 0xFFFF, 0xFFFF, 0xFFFF, 0xFFFF, 0xFFFF, 0xFFFF,
  0xFFFF, 0xFFFF, 0xFFFF, 0xFFFF, 0xFFDF, 0xFFBF, 0xFFDF, 0xFFFF, 0xFFFF, 0xF7DF, 0xFFFF, 0xFFFF,
  0xFFFF, 0xFFFF, 0xFFDF, 0xFFFF, 0xFFFF, 0xFFFF, 0xFFDF, 0xFFFF, 0xFFFF, 0xFFFF, 0xFFFF, 0xFFDF,
  0xFFFF, 0xFFBF, 0xFFFF, 0xFFFF, 0xFFFF, 0xF7FF, 0xEFBF, 0xDF3D, 0xC65B, 0xAD98, 0x9D17, 0x9CF7,
  0x8C95, 0x94B6, 0x8C95, 0x8CB5, 0x9D16, 0xA557, 0xB5D9, 0xD6DC, 0xE77F, 0xF7FF, 0xFFFF, 0xF7FF,
  0xFFFF, 0xFFFF, 0xFFFF, 0xFFDF, 0xFFFF, 0xFFDF, 0xFFFF, 0xF7FF, 0xFFFF, 0xFFFF, 0xFFDF, 0xFFFF,
  0xFFFF, 0xFFFF, 0xFFFF, 0xFFFF, 0xFFFF, 0xFFFF, 0xFFFF, 0xFFFF, 0xFFFF, 0xFFFF, 0xFFFF, 0xFFFF,
  0xFFDF, 0xF79E, 0xEF5D, 0xDEFB, 0xDEFB, 0xDEDB, 0xD69A, 0xD69A, 0xCE7A, 0xDEDB, 0xD69A, 0x8C51,
  0x5ACB, 0x738E, 0x9492, 0xE71C, 0xFFFF, 0xFFDF, 0xFFFF, 0xFFFF, 0xFFFF, 0xFFFF, 0xFFFF, 0xFFFF,
  0xFFFF, 0xFFFF, 0xFFFF, 0xFFFF, 0xFFFF, 0xFFFF, 0xFFFF, 0xFFFF, 0xFFFF, 0xFFFF, 0xFFFF, 0xFFFF,
  0xFFFF, 0xFFFF, 0xFFFF, 0xFFFF, 0xFFFF, 0xFFFF, 0xFFFF, 0xFFFF, 0xFFFF, 0xFFFF, 0xFFFF, 0xFFFF,
  0xFFFF, 0xFFFF, 0xFFFF, 0xFFFF, 0xFFFF, 0xFFFF, 0xFFFF, 0xFFFF, 0xFFFF, 0xFFFF, 0xFFFF, 0xFFFF,
  0xFFFF, 0xFFFF, 0xFFFF, 0xFFFF, 0xFFFF, 0xFFFF, 0xFFFF, 0xFFFF, 0xFFFF, 0xFFFF, 0xFFFF, 0xFFFF,
  0xFFFF, 0xFFFF, 0xFFFF, 0xFFFF, 0xFFFF, 0xFFFF, 0xFFFF, 0xFFFF, 0xFFFF, 0xFFFF, 0xFFFF, 0xFFFF,
  0xFFFF, 0xFFFF, 0xFFFF, 0xFFFF, 0xFFFF, 0xFFFF, 0xFFFF, 0xFFFF, 0xFFFF, 0xFFFF, 0xFFFF, 0xFFFF,
  0xFFFF, 0xFFFF, 0xFFFF, 0xFFFF, 0xFFFF, 0xFFFF, 0xFFFF, 0xFFFF, 0xFFFF, 0xFFFF, 0xF7DF, 0xEF9F,
  0xD6FD, 0xD6BC, 0xCE9C, 0xD6BC, 0xD6DC, 0xD6DD, 0xE73E, 0xEF9F, 0xFFFF, 0xFFFF, 0xFFFF, 0xFFFF,
  0xFFFF, 0xFFFF, 0xFFFF, 0xFFFF, 0xFFFF, 0xFFFF, 0xFFFF, 0xFFFF, 0xFFFF, 0xFFFF, 0xFFFF, 0xFFFF,
  0xFFFF, 0xFFFF, 0xFFFF, 0xFFFF, 0xFFFF, 0xFFFF, 0xFFFF, 0xFFFF, 0xFFFF, 0xFFFF, 0xFFFF, 0xFFFF,
  0xFFFF, 0xFFFF, 0xFFFF, 0xFFFF, 0xFFFF, 0xFFFF, 0xFFFF, 0xFFFF, 0xFFFF, 0xFFFF, 0xFFFF, 0xFFFF,
  0xFFFF, 0xFFFF, 0xFFFF, 0xFFFF, 0xFFFF, 0xFFFF, 0xFFFF, 0xFFFF, 0xFFFF, 0xFFFF, 0xFFFF, 0xFFFF,
  0xFFFF, 0xFFFF, 0xFFFF, 0xFFFF, 0xFFFF, 0xFFFF, 0xFFFF, 0xFFFF, 0xFFFF, 0xFFFF, 0xFFFF, 0xFFFF,
  0xFFFF, 0xFFFF, 0xFFFF, 0xFFFF, 0xFFFF, 0xFFFF, 0xFFFF, 0xFFFF, 0xFFFF, 0xFFFF, 0xFFFF, 0xFFFF,
  0xFFFF, 0xFFFF, 0xFFFF, 0xFFFF, 0xFFFF, 0xFFFF, 0xFFFF, 0xFFFF, 0xFFFF, 0xFFFF, 0xFFFF, 0xFFFF,
  0xFFFF, 0xFFFF, 0xFFFF, 0xFFFF, 0xFFFF, 0xFFFF, 0xFFFF, 0xFFFF, 0xFFFF, 0xFFFF, 0xFFFF, 0xFFFF,
  0xFFFF, 0xFFFF, 0xFFFF, 0xFFFF, 0xFFFF, 0xFFFF, 0xFFFF, 0xFFFF, 0xFFFF, 0xFFFF, 0xFFFF, 0xFFFF,
  0xFFFF, 0xFFFF, 0xFFFF, 0xFFFF, 0xFFFF, 0xFFFF, 0xFFFF, 0xFFFF, 0xFFFF, 0xFFFF, 0xFFFF, 0xFFFF,
  0xFFFF, 0xFFDF, 0xEF7D, 0xE73C, 0xE71C, 0xE71C, 0xD6BA, 0xD6BA, 0xDEDB, 0xD6BA, 0xE71C, 0xFFDF,
  0xFFFF, 0xFFDF, 0xF7DF, 0xFFDF, 0xFFDF, 0xFFFF, 0xFFFF, 0xFFFF, 0xFFFF, 0xFFFF, 0xFFFF, 0xFFFF,
  0xFFFF, 0xFFFF, 0xFFFF, 0xFFFF, 0xFFFF, 0xFFFF, 0xFFFF, 0xFFFF, 0xFFFF, 0xFFFF, 0xFFFF, 0xFFFF,
  0xFFFF, 0xFFFF, 0xFFFF, 0xFFFF, 0xFFFF, 0xFFFF, 0xFFFF, 0xFFFF, 0xFFFF, 0xFFFF, 0xFFFF, 0xFFFF,
  0xFFFF, 0xFFFF, 0xFFFF, 0xFFFF, 0xFFFF, 0xFFFF, 0xFFFF, 0xFFFF, 0xFFFF, 0xFFFF, 0xFFFF, 0xFFFF,
  0xFFFF, 0xFFFF, 0xFFFF, 0xFFFF, 0xFFFF, 0xFFFF, 0xFFFF, 0xFFFF, 0xFFFF, 0xFFFF, 0xFFFF, 0xFFFF,
  0xFFFF, 0xFFFF, 0xFFFF, 0xFFFF, 0xFFFF, 0xFFFF, 0xFFFF, 0xFFFF, 0xFFFF, 0xFFFF, 0xFFFF, 0xFFFF,
  0xFFFF, 0xFFFF, 0xFFFF, 0xFFFF, 0xFFFF, 0xFFFF, 0xFFFF, 0xFFFF, 0xFFFF, 0xFFFF, 0xFFFF, 0xFFFF,
  0xFFFF, 0xFFFF, 0xFFFF, 0xFFFF, 0xFFFF, 0xFFFF, 0xFFFF, 0xFFFF, 0xFFFF, 0xFFFF, 0xFFFF, 0xFFDF,
  0xFFFF, 0xFFFF, 0xFFFF, 0xFFFF, 0xFFFF, 0xFFDF, 0xFFFF, 0xFFFF, 0xFFFF, 0xFFFF, 0xFFFF, 0xFFFF,
  0xFFFF, 0xFFFF, 0xFFFF, 0xFFFF, 0xFFFF, 0xFFFF, 0xFFFF, 0xFFFF, 0xFFFF, 0xFFFF, 0xFFFF, 0xFFFF,
  0xFFFF, 0xFFFF, 0xFFFF, 0xFFFF, 0xFFFF, 0xFFFF, 0xFFFF, 0xFFFF, 0xFFFF, 0xFFFF, 0xFFFF, 0xFFFF,
  0xFFFF, 0xFFFF, 0xFFFF, 0xFFFF, 0xFFFF, 0xFFFF, 0xFFFF, 0xFFFF, 0xFFFF, 0xFFFF, 0xFFFF, 0xFFFF,
  0xFFFF, 0xFFFF, 0xFFFF, 0xFFFF, 0xFFFF, 0xFFFF, 0xFFFF, 0xFFFF, 0xFFFF, 0xFFFF, 0xFFFF, 0xFFFF,
  0xFFFF, 0xFFFF, 0xFFFF, 0xFFFF, 0xFFFF, 0xFFFF, 0xFFFF, 0xFFFF, 0xFFFF, 0xFFFF, 0xFFFF, 0xFFFF,
  0xFFFF, 0xFFFF, 0xFFFF, 0xFFFF, 0xFFFF, 0xFFFF, 0xFFFF, 0xFFFF, 0xFFFF, 0xFFFF, 0xFFFF, 0xFFFF,
  0xFFFF, 0xFFFF, 0xFFFF, 0xFFFF, 0xFFFF, 0xFFFF, 0xFFFF, 0xFFFF, 0xFFFF, 0xFFFF, 0xFFFF, 0xFFFF,
  0xFFFF, 0xFFFF, 0xFFFF, 0xFFFF, 0xFFFF, 0xFFFF, 0xFFFF, 0xFFFF, 0xFFFF, 0xFFFF, 0xFFFF, 0xFFFF,
  0xFFFF, 0xFFFF, 0xFFFF, 0xFFFF, 0xFFFF, 0xFFFF, 0xFFFF, 0xFFFF, 0xFFFF, 0xFFFF, 0xFFFF, 0xFFFF,
  0xFFFF, 0xFFFF, 0xFFFF, 0xFFFF, 0xFFFF, 0xFFFF, 0xFFFF, 0xFFFF, 0xFFFF, 0xFFFF, 0xFFFF, 0xFFFF,
  0xFFFF, 0xFFFF, 0xF7BE, 0xF79E, 0xF79E, 0xDEFB, 0xDEFB, 0xDEDB, 0xD6BA, 0xDEDB, 0xDEFC, 0xEF7E,
  0xFFDF, 0xF7DF, 0xFFFF, 0xFFFF, 0xFFDF, 0xFFFF, 0xFFDF, 0xFFFF, 0xFFFF, 0xFFFF, 0xFFFF, 0xFFFF,
  0xFFFF, 0xFFFF, 0xFFFF, 0xFFFF, 0xFFFF, 0xFFFF, 0xFFFF, 0xFFFF, 0xFFFF, 0xFFFF, 0xFFFF, 0xFFFF,
  0xFFFF, 0xFFFF, 0xFFFF, 0xFFFF, 0xFFFF, 0xFFFF, 0xFFFF, 0xFFFF, 0xFFFF, 0xFFFF, 0xFFFF, 0xFFFF,
  0xFFFF, 0xFFFF, 0xFFFF, 0xFFFF, 0xFFFF, 0xFFFF, 0xFFFF, 0xFFFF, 0xFFFF, 0xFFFF, 0xFFFF, 0xFFFF,
  0xFFFF, 0xFFFF, 0xFFFF, 0xFFFF, 0xFFFF, 0xFFFF, 0xFFFF, 0xFFFF, 0xFFFF, 0xFFFF, 0xFFFF, 0xFFFF,
  0xFFFF, 0xFFFF, 0xFFFF, 0xFFFF, 0xFFFF, 0xFFFF, 0xFFFF, 0xFFFF, 0xFFFF, 0xFFFF, 0xFFFF, 0xFFFF,
  0xFFFF, 0xFFFF, 0xFFFF, 0xFFFF, 0xFFFF, 0xFFFF, 0xFFFF, 0xFFFF, 0xFFFF, 0xFFFF, 0xFFFF, 0xFFFF,
  0xFFFF, 0xFFFF, 0xFFFF, 0xFFFF, 0xFFFF, 0xFFFF, 0xFFFF, 0xFFFF, 0xFFFF, 0xFFFF, 0xFFFF, 0xFFFF,
  0xFFDF, 0xFFFF, 0xFFFF, 0xFFFF, 0xFFFF, 0xFFFF, 0xFFFF, 0xFFFF, 0xFFFF, 0xFFFF, 0xFFFF, 0xFFFF,
  0xFFFF, 0xFFFF, 0xFFFF, 0xFFFF, 0xFFFF, 0xFFFF, 0xFFFF, 0xFFFF, 0xFFFF, 0xFFFF, 0xFFFF, 0xFFFF,
  0xFFFF, 0xFFFF, 0xFFFF, 0xFFFF, 0xFFFF, 0xFFFF, 0xFFFF, 0xFFFF, 0xFFFF, 0xFFFF, 0xFFFF, 0xFFFF,
  0xFFFF, 0xFFFF, 0xFFFF, 0xFFFF, 0xFFFF, 0xFFFF, 0xFFFF, 0xFFFF, 0xFFFF, 0xFFFF, 0xFFFF, 0xFFFF,
  0xFFFF, 0xFFFF, 0xFFFF, 0xFFFF, 0xFFFF, 0xFFFF, 0xFFFF, 0xFFFF, 0xFFFF, 0xFFFF, 0xFFFF, 0xFFFF,
  0xFFFF, 0xFFFF, 0xFFFF, 0xFFFF, 0xFFFF, 0xFFFF, 0xFFFF, 0xFFFF, 0xFFFF, 0xFFFF, 0xFFFF, 0xFFFF,
  0xFFFF, 0xFFFF, 0xFFFF, 0xFFFF, 0xFFFF, 0xFFFF, 0xFFFF, 0xFFFF, 0xFFFF, 0xFFFF, 0xFFFF, 0xFFFF,
  0xFFFF, 0xFFFF, 0xFFFF, 0xFFFF, 0xFFFF, 0xFFFF, 0xFFFF, 0xFFFF, 0xFFFF, 0xFFFF, 0xFFFF, 0xFFFF,
  0xFFFF, 0xFFFF, 0xFFFF, 0xFFFF, 0xFFFF, 0xFFFF, 0xFFFF, 0xFFFF, 0xFFFF, 0xFFFF, 0xFFFF, 0xFFFF,
  0xFFFF, 0xFFFF, 0xFFFF, 0xFFFF, 0xFFFF, 0xFFFF, 0xFFFF, 0xFFFF, 0xFFFF, 0xFFFF, 0xFFFF, 0xFFFF,
  0xFFFF, 0xFFFF, 0xFFFF, 0xFFFF, 0xFFFF, 0xFFFF, 0xFFFF, 0xFFFF, 0xFFFF, 0xFFFF, 0xFFFF, 0xFFFF,
  0xFFFF, 0xFFFF, 0xFFFF, 0xFFDF, 0xFFFF, 0xE73C, 0xE71C, 0xDEDB, 0xDEFB, 0xE73D, 0xE73D, 0xEF7E,
  0xFFFF, 0xFFFF, 0xFFFF, 0xFFFF, 0xFFFF, 0xFFFF, 0xFFFF, 0xFFFF, 0xFFFF, 0xFFFF, 0xFFFF, 0xFFFF,
  0xFFFF, 0xFFFF, 0xFFFF, 0xFFFF, 0xFFFF, 0xFFFF, 0xFFFF, 0xFFFF, 0xFFFF, 0xFFFF, 0xFFFF, 0xFFFF,
  0xFFFF, 0xFFFF, 0xFFFF, 0xFFFF, 0xFFFF, 0xFFFF, 0xFFFF, 0xFFFF, 0xFFFF, 0xFFFF, 0xFFFF, 0xFFFF,
  0xFFFF, 0xFFFF, 0xFFFF, 0xFFFF, 0xFFFF, 0xFFFF, 0xFFFF, 0xFFFF, 0xFFFF, 0xFFFF, 0xFFFF, 0xFFFF,
  0xFFFF, 0xFFFF, 0xFFFF, 0xFFFF, 0xFFFF, 0xFFFF, 0xFFFF, 0xFFFF, 0xFFFF, 0xFFFF, 0xFFFF, 0xFFFF,
  0xFFFF, 0xFFFF, 0xFFFF, 0xFFFF, 0xFFFF, 0xFFFF, 0xFFFF, 0xFFFF, 0xFFFF, 0xFFFF, 0xFFFF, 0xFFFF,
  0xFFFF, 0xFFFF, 0xFFFF, 0xFFFF, 0xFFFF, 0xFFFF, 0xFFFF, 0xFFFF, 0xFFFF, 0xFFFF, 0xFFFF, 0xFFFF,
  0xFFFF, 0xFFFF, 0xFFFF, 0xFFFF, 0xFFFF, 0xFFFF, 0xFFFF, 0xFFFF, 0xFFFF, 0xFFFF, 0xFFFF, 0xFFFF,
  0xFFFF, 0xFFFF, 0xFFFF, 0xFFDF, 0xFFDF, 0xFFFF, 0xFFFF, 0xFFFF, 0xFFFF, 0xFFFF, 0xFFFF, 0xFFFF,
  0xFFFF, 0xFFFF, 0xFFFF, 0xFFFF, 0xFFFF, 0xFFFF, 0xFFFF, 0xFFFF, 0xFFFF, 0xFFFF, 0xFFFF, 0xFFFF,
  0xFFFF, 0xFFFF, 0xFFFF, 0xFFFF, 0xFFFF, 0xFFFF, 0xFFFF, 0xFFFF, 0xFFFF, 0xFFFF, 0xFFFF, 0xFFFF,
  0xFFFF, 0xFFFF, 0xFFFF, 0xFFFF, 0xFFFF, 0xFFFF, 0xFFFF, 0xFFFF, 0xFFFF, 0xFFFF, 0xFFFF, 0xFFFF,
  0xFFFF, 0xFFFF, 0xFFFF, 0xFFFF, 0xFFFF, 0xFFFF, 0xFFFF, 0xFFFF, 0xFFFF, 0xFFFF, 0xFFFF, 0xFFFF,
  0xFFFF, 0xFFFF, 0xFFFF, 0xFFFF, 0xFFFF, 0xFFFF, 0xFFFF, 0xFFFF, 0xFFFF, 0xFFFF, 0xFFFF, 0xFFFF,
  0xFFFF, 0xFFFF, 0xFFFF, 0xFFFF, 0xFFFF, 0xFFFF, 0xFFFF, 0xFFFF, 0xFFFF, 0xFFFF, 0xFFFF, 0xFFFF,
  0xFFFF, 0xFFFF, 0xFFFF, 0xFFFF, 0xFFFF, 0xFFFF, 0xFFFF, 0xFFFF, 0xFFFF, 0xFFFF, 0xFFFF, 0xFFFF,
  0xFFFF, 0xFFFF, 0xFFFF, 0xFFFF, 0xFFFF, 0xFFFF, 0xFFFF, 0xFFFF, 0xFFFF, 0xFFFF, 0xFFFF, 0xFFFF,
  0xFFFF, 0xFFFF, 0xFFFF, 0xFFFF, 0xFFFF, 0xFFFF, 0xFFFF, 0xFFFF, 0xFFFF, 0xFFFF, 0xFFFF, 0xFFFF,
};
